id,isdeleted,name,currencyisocode,setupownerid,createddate,createdbyid,lastmodifieddate,lastmodifiedbyid,systemmodstamp,lastvieweddate,lastreferenceddate,classname__c,displayname__c,keyname__c,rtype__c,storefront__c,
a9Y3B000000CcD7UAK,false,DefaultStore:PymtHKService,USD,00D3B0000008umVUAQ,2017-03-01 05:34:55,005G0000007ZFITIA4,2017-03-01 05:34:55,005G0000007ZFITIA4,2017-03-01 05:34:55,,,,,,,,
a9Y3B000000CcD8UAK,false,DefaultStore:SSOLoginApi,USD,00D3B0000008umVUAQ,2017-03-01 05:34:55,005G0000007ZFITIA4,2017-03-01 05:34:55,005G0000007ZFITIA4,2017-03-01 05:34:55,,,cc_hk_SSO,,,,,
a9Y3B000000CcD9UAK,false,DefaultStore:SSOLoginDao,USD,00D3B0000008umVUAQ,2017-03-01 05:34:55,005G0000007ZFITIA4,2017-03-01 05:34:55,005G0000007ZFITIA4,2017-03-01 05:34:55,,,,,,,,
a9Y3B000000CcDAUA0,false,DefaultStore:SSOLoginService,USD,00D3B0000008umVUAQ,2017-03-01 05:34:55,005G0000007ZFITIA4,2017-03-01 05:34:55,005G0000007ZFITIA4,2017-03-01 05:34:55,,,,,,,,
a9Y3B000000CcDBUA0,false,DefaultStore:SUBSApi,USD,00D3B0000008umVUAQ,2017-03-01 05:34:55,005G0000007ZFITIA4,2017-03-01 05:34:55,005G0000007ZFITIA4,2017-03-01 05:34:55,,,cc_hk_Subscriptions,,,,,
a9Y3B000000CcDCUA0,false,DefaultStore:SUBSDao,USD,00D3B0000008umVUAQ,2017-03-01 05:34:55,005G0000007ZFITIA4,2017-03-01 05:34:55,005G0000007ZFITIA4,2017-03-01 05:34:55,,,,,,,,
a9Y3B000000CcDDUA0,false,DefaultStore:SUBSService,USD,00D3B0000008umVUAQ,2017-03-01 05:34:55,005G0000007ZFITIA4,2017-03-01 05:34:55,005G0000007ZFITIA4,2017-03-01 05:34:55,,,,,,,,
a9Y3B000000CcDEUA0,false,DefaultStore:UsrItfApi,USD,00D3B0000008umVUAQ,2017-03-01 05:34:55,005G0000007ZFITIA4,2017-03-01 05:34:55,005G0000007ZFITIA4,2017-03-01 05:34:55,,,cc_hk_UserInterface:v001,,,,,
a9Y3B000000CcDFUA0,false,DefaultStore:UsrItfDao,USD,00D3B0000008umVUAQ,2017-03-01 05:34:55,005G0000007ZFITIA4,2017-03-01 05:34:55,005G0000007ZFITIA4,2017-03-01 05:34:55,,,,,,,,
a9Y3B000000CcDGUA0,false,DefaultStore:UsrItfService,USD,00D3B0000008umVUAQ,2017-03-01 05:34:55,005G0000007ZFITIA4,2017-03-01 05:34:55,005G0000007ZFITIA4,2017-03-01 05:34:55,,,,,,,,
a9Y3B000000CcBfUAK,false,ccServiceSubscPage:SPGE,USD,00D3B0000008umVUAQ,2017-03-01 05:34:55,005G0000007ZFITIA4,2017-03-01 05:34:55,005G0000007ZFITIA4,2017-03-01 05:34:55,,,ccServiceSubscPage,,SPGE,sreg,,
a9Y3B000000CcBgUAK,false,ccServiceSubscription:SSUB,USD,00D3B0000008umVUAQ,2017-03-01 05:34:55,005G0000007ZFITIA4,2017-03-01 05:34:55,005G0000007ZFITIA4,2017-03-01 05:34:55,,,ccServiceSubscription,,SSUB,sreg,,
a9Y3B000000CcBhUAK,false,ccServiceTerms:STRM,USD,00D3B0000008umVUAQ,2017-03-01 05:34:55,005G0000007ZFITIA4,2017-03-01 05:34:55,005G0000007ZFITIA4,2017-03-01 05:34:55,,,ccServiceTerms,,STRM,sreg,,
a9Y3B000000CcBiUAK,false,ccServiceTransactionPayment:STP,USD,00D3B0000008umVUAQ,2017-03-01 05:34:55,005G0000007ZFITIA4,2017-03-01 05:34:55,005G0000007ZFITIA4,2017-03-01 05:34:55,,,ccServiceTransactionPayment,,STP,sreg,,
a9Y3B000000CcBjUAK,false,ccServiceUser:SUSR,USD,00D3B0000008umVUAQ,2017-03-01 05:34:55,005G0000007ZFITIA4,2017-03-01 05:34:55,005G0000007ZFITIA4,2017-03-01 05:34:55,,,ccServiceUser,,SUSR,sreg,,
a9Y3B000000CcBkUAK,false,CHStore:adjustApi,USD,00D3B0000008umVUAQ,2017-03-01 05:34:55,005G0000007ZFITIA4,2017-03-01 05:34:55,005G0000007ZFITIA4,2017-03-01 05:34:55,,,c.cc_jci_ctrl_CartPricing,,,,,
a9Y3B000000CcBlUAK,false,CHStore:adjustDao,USD,00D3B0000008umVUAQ,2017-03-01 05:34:55,005G0000007ZFITIA4,2017-03-01 05:34:55,005G0000007ZFITIA4,2017-03-01 05:34:55,,,,,,,,
a9Y3B000000CcDHUA0,false,IRStore:adjustApi,USD,00D3B0000008umVUAQ,2017-03-01 05:34:55,005G0000007ZFITIA4,2017-03-01 05:34:55,005G0000007ZFITIA4,2017-03-01 05:34:55,,,c.cc_jci_ctrl_CartPricing,,,,,
a9Y3B000000CcDIUA0,false,IRStore:adjustDao,USD,00D3B0000008umVUAQ,2017-03-01 05:34:55,005G0000007ZFITIA4,2017-03-01 05:34:55,005G0000007ZFITIA4,2017-03-01 05:34:55,,,,,,,,
a9Y3B000000CcDJUA0,false,IRStore:adjustService,USD,00D3B0000008umVUAQ,2017-03-01 05:34:55,005G0000007ZFITIA4,2017-03-01 05:34:55,005G0000007ZFITIA4,2017-03-01 05:34:55,,,,,,,,
a9Y3B000000CcDKUA0,false,IRStore:CartExtensionApi,USD,00D3B0000008umVUAQ,2017-03-01 05:34:55,005G0000007ZFITIA4,2017-03-01 05:34:55,005G0000007ZFITIA4,2017-03-01 05:34:55,,,c.cc_jci_ctrl_CartValidation,,,,,
a9Y3B000000CcBmUAK,false,CHStore:adjustService,USD,00D3B0000008umVUAQ,2017-03-01 05:34:55,005G0000007ZFITIA4,2017-03-01 05:34:55,005G0000007ZFITIA4,2017-03-01 05:34:55,,,,,,,,
a9Y3B000000CcBnUAK,false,CHStore:CartExtensionApi,USD,00D3B0000008umVUAQ,2017-03-01 05:34:55,005G0000007ZFITIA4,2017-03-01 05:34:55,005G0000007ZFITIA4,2017-03-01 05:34:55,,,c.cc_jci_ctrl_CartValidation,,,,,
a9Y3B000000CcBoUAK,false,CHStore:CatalogApi,USD,00D3B0000008umVUAQ,2017-03-01 05:34:55,005G0000007ZFITIA4,2017-03-01 05:34:55,005G0000007ZFITIA4,2017-03-01 05:34:55,,,c.cc_jci_hk_Catalog,,,,,
a9Y3B000000CcBpUAK,false,CHStore:CatalogDao,USD,00D3B0000008umVUAQ,2017-03-01 05:34:55,005G0000007ZFITIA4,2017-03-01 05:34:55,005G0000007ZFITIA4,2017-03-01 05:34:55,,,,,,,,
a9Y3B000000CcBqUAK,false,CHStore:CatalogService,USD,00D3B0000008umVUAQ,2017-03-01 05:34:55,005G0000007ZFITIA4,2017-03-01 05:34:55,005G0000007ZFITIA4,2017-03-01 05:34:55,,,,,,,,
a9Y3B000000CcBrUAK,false,CHStore:DeliveryDateApi,USD,00D3B0000008umVUAQ,2017-03-01 05:34:55,005G0000007ZFITIA4,2017-03-01 05:34:55,005G0000007ZFITIA4,2017-03-01 05:34:55,,,c.cc_jci_api_DeliveryDate,,,,,
a9Y3B000000CcBsUAK,false,CHStore:DynCatApi,USD,00D3B0000008umVUAQ,2017-03-01 05:34:55,005G0000007ZFITIA4,2017-03-01 05:34:55,005G0000007ZFITIA4,2017-03-01 05:34:55,,,cc_hk_Category,,,,,
a9Y3B000000CcBtUAK,false,CHStore:DynCatDao,USD,00D3B0000008umVUAQ,2017-03-01 05:34:55,005G0000007ZFITIA4,2017-03-01 05:34:55,005G0000007ZFITIA4,2017-03-01 05:34:55,,,,,,,,
a9Y3B000000CcBuUAK,false,CHStore:DynCatService,USD,00D3B0000008umVUAQ,2017-03-01 05:34:55,005G0000007ZFITIA4,2017-03-01 05:34:55,005G0000007ZFITIA4,2017-03-01 05:34:55,,,,,,,,
a9Y3B000000CcBvUAK,false,CHStore:DynMenuApi,USD,00D3B0000008umVUAQ,2017-03-01 05:34:55,005G0000007ZFITIA4,2017-03-01 05:34:55,005G0000007ZFITIA4,2017-03-01 05:34:55,,,cc_hk_Menu,,,,,
a9Y3B000000CcBwUAK,false,CHStore:DynMenuDao,USD,00D3B0000008umVUAQ,2017-03-01 05:34:55,005G0000007ZFITIA4,2017-03-01 05:34:55,005G0000007ZFITIA4,2017-03-01 05:34:55,,,,,,,,
a9Y3B000000CcBxUAK,false,CHStore:DynMenuService,USD,00D3B0000008umVUAQ,2017-03-01 05:34:55,005G0000007ZFITIA4,2017-03-01 05:34:55,005G0000007ZFITIA4,2017-03-01 05:34:55,,,,,,,,
a9Y3B000000CcByUAK,false,CHStore:DynThemeApi,USD,00D3B0000008umVUAQ,2017-03-01 05:34:55,005G0000007ZFITIA4,2017-03-01 05:34:55,005G0000007ZFITIA4,2017-03-01 05:34:55,,,cc_hk_DynamicTheme,,,,,
a9Y3B000000CcBzUAK,false,CHStore:DynThemeDao,USD,00D3B0000008umVUAQ,2017-03-01 05:34:55,005G0000007ZFITIA4,2017-03-01 05:34:55,005G0000007ZFITIA4,2017-03-01 05:34:55,,,,,,,,
a9Y3B000000CcC0UAK,false,CHStore:DynThemeService,USD,00D3B0000008umVUAQ,2017-03-01 05:34:55,005G0000007ZFITIA4,2017-03-01 05:34:55,005G0000007ZFITIA4,2017-03-01 05:34:55,,,,,,,,
a9Y3B000000CcC1UAK,false,CHStore:EffAccountApi,USD,00D3B0000008umVUAQ,2017-03-01 05:34:55,005G0000007ZFITIA4,2017-03-01 05:34:55,005G0000007ZFITIA4,2017-03-01 05:34:55,,,c.cc_jci_ctrl_EffectiveAccount,,,,,
a9Y3B000000CcC2UAK,false,CHStore:EffAccountDao,USD,00D3B0000008umVUAQ,2017-03-01 05:34:55,005G0000007ZFITIA4,2017-03-01 05:34:55,005G0000007ZFITIA4,2017-03-01 05:34:55,,,,,,,,
a9Y3B000000CcC3UAK,false,CHStore:EffAccountService,USD,00D3B0000008umVUAQ,2017-03-01 05:34:55,005G0000007ZFITIA4,2017-03-01 05:34:55,005G0000007ZFITIA4,2017-03-01 05:34:55,,,,,,,,
a9Y3B000000CcC4UAK,false,CHStore:InvcHKApi,USD,00D3B0000008umVUAQ,2017-03-01 05:34:55,005G0000007ZFITIA4,2017-03-01 05:34:55,005G0000007ZFITIA4,2017-03-01 05:34:55,,,cc_hk_Invoice,,,,,
a9Y3B000000CcC5UAK,false,CHStore:InvcHKDao,USD,00D3B0000008umVUAQ,2017-03-01 05:34:55,005G0000007ZFITIA4,2017-03-01 05:34:55,005G0000007ZFITIA4,2017-03-01 05:34:55,,,,,,,,
a9Y3B000000CcDLUA0,false,IRStore:CatalogApi,USD,00D3B0000008umVUAQ,2017-03-01 05:34:55,005G0000007ZFITIA4,2017-03-01 05:34:55,005G0000007ZFITIA4,2017-03-01 05:34:55,,,c.cc_jci_hk_Catalog,,,,,
a9Y3B000000CcDMUA0,false,IRStore:CatalogDao,USD,00D3B0000008umVUAQ,2017-03-01 05:34:55,005G0000007ZFITIA4,2017-03-01 05:34:55,005G0000007ZFITIA4,2017-03-01 05:34:55,,,,,,,,
a9Y3B000000CcDNUA0,false,IRStore:CatalogService,USD,00D3B0000008umVUAQ,2017-03-01 05:34:55,005G0000007ZFITIA4,2017-03-01 05:34:55,005G0000007ZFITIA4,2017-03-01 05:34:55,,,,,,,,
a9Y3B000000CcDOUA0,false,IRStore:DeliveryDateApi,USD,00D3B0000008umVUAQ,2017-03-01 05:34:55,005G0000007ZFITIA4,2017-03-01 05:34:55,005G0000007ZFITIA4,2017-03-01 05:34:55,,,c.cc_jci_api_DeliveryDate,,,,,
a9Y3B000000CcDPUA0,false,IRStore:DynCatApi,USD,00D3B0000008umVUAQ,2017-03-01 05:34:55,005G0000007ZFITIA4,2017-03-01 05:34:55,005G0000007ZFITIA4,2017-03-01 05:34:55,,,cc_hk_Category,,,,,
a9Y3B000000CcDQUA0,false,IRStore:DynCatDao,USD,00D3B0000008umVUAQ,2017-03-01 05:34:55,005G0000007ZFITIA4,2017-03-01 05:34:55,005G0000007ZFITIA4,2017-03-01 05:34:55,,,,,,,,
a9Y3B000000CcDRUA0,false,IRStore:DynCatService,USD,00D3B0000008umVUAQ,2017-03-01 05:34:55,005G0000007ZFITIA4,2017-03-01 05:34:55,005G0000007ZFITIA4,2017-03-01 05:34:55,,,,,,,,
a9Y3B000000CcDSUA0,false,IRStore:DynMenuApi,USD,00D3B0000008umVUAQ,2017-03-01 05:34:55,005G0000007ZFITIA4,2017-03-01 05:34:55,005G0000007ZFITIA4,2017-03-01 05:34:55,,,cc_hk_Menu,,,,,
a9Y3B000000CcDTUA0,false,IRStore:DynMenuDao,USD,00D3B0000008umVUAQ,2017-03-01 05:34:55,005G0000007ZFITIA4,2017-03-01 05:34:55,005G0000007ZFITIA4,2017-03-01 05:34:55,,,,,,,,
a9Y3B000000CcDUUA0,false,IRStore:DynMenuService,USD,00D3B0000008umVUAQ,2017-03-01 05:34:55,005G0000007ZFITIA4,2017-03-01 05:34:55,005G0000007ZFITIA4,2017-03-01 05:34:55,,,,,,,,
a9Y3B000000CcC6UAK,false,CHStore:InvcHKService,USD,00D3B0000008umVUAQ,2017-03-01 05:34:55,005G0000007ZFITIA4,2017-03-01 05:34:55,005G0000007ZFITIA4,2017-03-01 05:34:55,,,,,,,,
a9Y3B000000CcC7UAK,false,CHStore:InventoryApi,USD,00D3B0000008umVUAQ,2017-03-01 05:34:55,005G0000007ZFITIA4,2017-03-01 05:34:55,005G0000007ZFITIA4,2017-03-01 05:34:55,,,cc_api_InventoryExtension,,,,,
a9Y3B000000CcC8UAK,false,CHStore:OrderHKApi,USD,00D3B0000008umVUAQ,2017-03-01 05:34:55,005G0000007ZFITIA4,2017-03-01 05:34:55,005G0000007ZFITIA4,2017-03-01 05:34:55,,,c.cc_jci_ctrl_ERPOrderHistory,,,,,
a9Y3B000000CcC9UAK,false,CHStore:OrderHKDao,USD,00D3B0000008umVUAQ,2017-03-01 05:34:55,005G0000007ZFITIA4,2017-03-01 05:34:55,005G0000007ZFITIA4,2017-03-01 05:34:55,,,,,,,,
a9Y3B000000CcCAUA0,false,CHStore:OrderHKService,USD,00D3B0000008umVUAQ,2017-03-01 05:34:55,005G0000007ZFITIA4,2017-03-01 05:34:55,005G0000007ZFITIA4,2017-03-01 05:34:55,,,,,,,,
a9Y3B000000CcDVUA0,false,IRStore:DynThemeApi,USD,00D3B0000008umVUAQ,2017-03-01 05:34:55,005G0000007ZFITIA4,2017-03-01 05:34:55,005G0000007ZFITIA4,2017-03-01 05:34:55,,,cc_hk_DynamicTheme,,,,,
a9Y3B000000CcDWUA0,false,IRStore:DynThemeDao,USD,00D3B0000008umVUAQ,2017-03-01 05:34:55,005G0000007ZFITIA4,2017-03-01 05:34:55,005G0000007ZFITIA4,2017-03-01 05:34:55,,,,,,,,
a9Y3B000000CcDXUA0,false,IRStore:DynThemeService,USD,00D3B0000008umVUAQ,2017-03-01 05:34:55,005G0000007ZFITIA4,2017-03-01 05:34:55,005G0000007ZFITIA4,2017-03-01 05:34:55,,,,,,,,
a9Y3B000000CcDYUA0,false,IRStore:EffAccountApi,USD,00D3B0000008umVUAQ,2017-03-01 05:34:55,005G0000007ZFITIA4,2017-03-01 05:34:55,005G0000007ZFITIA4,2017-03-01 05:34:55,,,c.cc_jci_ctrl_EffectiveAccount,,,,,
a9Y3B000000CcDZUA0,false,IRStore:EffAccountDao,USD,00D3B0000008umVUAQ,2017-03-01 05:34:55,005G0000007ZFITIA4,2017-03-01 05:34:55,005G0000007ZFITIA4,2017-03-01 05:34:55,,,,,,,,
a9Y3B000000CcDaUAK,false,IRStore:EffAccountService,USD,00D3B0000008umVUAQ,2017-03-01 05:34:55,005G0000007ZFITIA4,2017-03-01 05:34:55,005G0000007ZFITIA4,2017-03-01 05:34:55,,,,,,,,
a9Y3B000000CcDbUAK,false,IRStore:InvcHKApi,USD,00D3B0000008umVUAQ,2017-03-01 05:34:55,005G0000007ZFITIA4,2017-03-01 05:34:55,005G0000007ZFITIA4,2017-03-01 05:34:55,,,cc_hk_Invoice,,,,,
a9Y3B000000CcDcUAK,false,IRStore:InvcHKDao,USD,00D3B0000008umVUAQ,2017-03-01 05:34:55,005G0000007ZFITIA4,2017-03-01 05:34:55,005G0000007ZFITIA4,2017-03-01 05:34:55,,,,,,,,
a9Y3B000000CcDdUAK,false,IRStore:InvcHKService,USD,00D3B0000008umVUAQ,2017-03-01 05:34:55,005G0000007ZFITIA4,2017-03-01 05:34:55,005G0000007ZFITIA4,2017-03-01 05:34:55,,,,,,,,
a9Y3B000000CcDeUAK,false,IRStore:InventoryApi,USD,00D3B0000008umVUAQ,2017-03-01 05:34:55,005G0000007ZFITIA4,2017-03-01 05:34:55,005G0000007ZFITIA4,2017-03-01 05:34:55,,,cc_api_InventoryExtension,,,,,
a9Y3B000000CcDfUAK,false,IRStore:OrderHKApi,USD,00D3B0000008umVUAQ,2017-03-01 05:34:55,005G0000007ZFITIA4,2017-03-01 05:34:55,005G0000007ZFITIA4,2017-03-01 05:34:55,,,c.cc_jci_ctrl_ERPOrderHistory,,,,,
a9Y3B000000CcDgUAK,false,IRStore:OrderHKDao,USD,00D3B0000008umVUAQ,2017-03-01 05:34:55,005G0000007ZFITIA4,2017-03-01 05:34:55,005G0000007ZFITIA4,2017-03-01 05:34:55,,,,,,,,
a9Y3B000000CcDhUAK,false,IRStore:OrderHKService,USD,00D3B0000008umVUAQ,2017-03-01 05:34:55,005G0000007ZFITIA4,2017-03-01 05:34:55,005G0000007ZFITIA4,2017-03-01 05:34:55,,,,,,,,
a9Y3B000000CcDiUAK,false,IRStore:outOrderApi,USD,00D3B0000008umVUAQ,2017-03-01 05:34:55,005G0000007ZFITIA4,2017-03-01 05:34:55,005G0000007ZFITIA4,2017-03-01 05:34:55,,,c.cc_jci_ctrl_SendOrderToERP,,,,,
a9Y3B000000CcDjUAK,false,IRStore:OutOrderCancelApi,USD,00D3B0000008umVUAQ,2017-03-01 05:34:55,005G0000007ZFITIA4,2017-03-01 05:34:55,005G0000007ZFITIA4,2017-03-01 05:34:55,,,cc_api_OutboundOrderCancel,,,,,
a9Y3B000000CcDkUAK,false,IRStore:OutOrderCancelDao,USD,00D3B0000008umVUAQ,2017-03-01 05:34:55,005G0000007ZFITIA4,2017-03-01 05:34:55,005G0000007ZFITIA4,2017-03-01 05:34:55,,,,,,,,
a9Y3B000000CcDlUAK,false,IRStore:OutOrderCancelService,USD,00D3B0000008umVUAQ,2017-03-01 05:34:55,005G0000007ZFITIA4,2017-03-01 05:34:55,005G0000007ZFITIA4,2017-03-01 05:34:55,,,,,,,,
a9Y3B000000CcDmUAK,false,IRStore:outOrderDao,USD,00D3B0000008umVUAQ,2017-03-01 05:34:55,005G0000007ZFITIA4,2017-03-01 05:34:55,005G0000007ZFITIA4,2017-03-01 05:34:55,,,,,,,,
a9Y3B000000CcDnUAK,false,IRStore:outOrderService,USD,00D3B0000008umVUAQ,2017-03-01 05:34:55,005G0000007ZFITIA4,2017-03-01 05:34:55,005G0000007ZFITIA4,2017-03-01 05:34:55,,,,,,,,
a9Y3B000000CcDoUAK,false,IRStore:PricingApi,USD,00D3B0000008umVUAQ,2017-03-01 05:34:55,005G0000007ZFITIA4,2017-03-01 05:34:55,005G0000007ZFITIA4,2017-03-01 05:34:55,,,cc_hk_Pricing,,,,,
a9Y3B000000CcAmUAK,false,ccLogicAccountCreateAccount:LACNW,USD,00D3B0000008umVUAQ,2017-03-01 05:34:55,005G0000007ZFITIA4,2017-03-01 05:34:55,005G0000007ZFITIA4,2017-03-01 05:34:55,,,ccLogicAccountCreateAccount,,LACNW,lreg,,
a9Y3B000000CcAnUAK,false,ccLogicAccountGetAnonymous:LACAN,USD,00D3B0000008umVUAQ,2017-03-01 05:34:55,005G0000007ZFITIA4,2017-03-01 05:34:55,005G0000007ZFITIA4,2017-03-01 05:34:55,,,ccLogicAccountGetAnonymous,,LACAN,lreg,,
a9Y3B000000CcAoUAK,false,ccLogicAccountGetCurrent:LACCR,USD,00D3B0000008umVUAQ,2017-03-01 05:34:55,005G0000007ZFITIA4,2017-03-01 05:34:55,005G0000007ZFITIA4,2017-03-01 05:34:55,,,ccLogicAccountGetCurrent,,LACCR,lreg,,
a9Y3B000000CcApUAK,false,ccLogicAccountValidateNew:LACVL,USD,00D3B0000008umVUAQ,2017-03-01 05:34:55,005G0000007ZFITIA4,2017-03-01 05:34:55,005G0000007ZFITIA4,2017-03-01 05:34:55,,,ccLogicAccountValidateNew,,LACVL,lreg,,
a9Y3B000000CcAqUAK,false,ccLogicAddressBookCreateAddressBook:L1,USD,00D3B0000008umVUAQ,2017-03-01 05:34:55,005G0000007ZFITIA4,2017-03-01 05:34:55,005G0000007ZFITIA4,2017-03-01 05:34:55,,,ccLogicAddressBookCreateAddressBook,,L1,lreg,,
a9Y3B000000CcArUAK,false,ccLogicAddressBookRemoveAddressBook:L2,USD,00D3B0000008umVUAQ,2017-03-01 05:34:55,005G0000007ZFITIA4,2017-03-01 05:34:55,005G0000007ZFITIA4,2017-03-01 05:34:55,,,ccLogicAddressBookRemoveAddressBook,,L2,lreg,,
a9Y3B000000CcAsUAK,false,ccLogicAddressCreateAddress:LADRCR,USD,00D3B0000008umVUAQ,2017-03-01 05:34:55,005G0000007ZFITIA4,2017-03-01 05:34:55,005G0000007ZFITIA4,2017-03-01 05:34:55,,,ccLogicAddressCreateAddress,,LADRCR,lreg,,
a9Y3B000000CcAtUAK,false,ccLogicCartAddTo:LCADD,USD,00D3B0000008umVUAQ,2017-03-01 05:34:55,005G0000007ZFITIA4,2017-03-01 05:34:55,005G0000007ZFITIA4,2017-03-01 05:34:55,,,ccLogicCartAddTo,,LCADD,lreg,,
a9Y3B000000CcAuUAK,false,ccLogicCartAdjustment:LCADJ,USD,00D3B0000008umVUAQ,2017-03-01 05:34:55,005G0000007ZFITIA4,2017-03-01 05:34:55,005G0000007ZFITIA4,2017-03-01 05:34:55,,,ccLogicCartAdjustment,,LCADJ,lreg,,
a9Y3B000000CcCBUA0,false,CHStore:outOrderApi,USD,00D3B0000008umVUAQ,2017-03-01 05:34:55,005G0000007ZFITIA4,2017-03-01 05:34:55,005G0000007ZFITIA4,2017-03-01 05:34:55,,,c.cc_jci_ctrl_SendOrderToERP,,,,,
a9Y3B000000CcCCUA0,false,CHStore:OutOrderCancelApi,USD,00D3B0000008umVUAQ,2017-03-01 05:34:55,005G0000007ZFITIA4,2017-03-01 05:34:55,005G0000007ZFITIA4,2017-03-01 05:34:55,,,cc_api_OutboundOrderCancel,,,,,
a9Y3B000000CcCDUA0,false,CHStore:OutOrderCancelDao,USD,00D3B0000008umVUAQ,2017-03-01 05:34:55,005G0000007ZFITIA4,2017-03-01 05:34:55,005G0000007ZFITIA4,2017-03-01 05:34:55,,,,,,,,
a9Y3B000000CcCEUA0,false,CHStore:OutOrderCancelService,USD,00D3B0000008umVUAQ,2017-03-01 05:34:55,005G0000007ZFITIA4,2017-03-01 05:34:55,005G0000007ZFITIA4,2017-03-01 05:34:55,,,,,,,,
a9Y3B000000CcCFUA0,false,CHStore:outOrderDao,USD,00D3B0000008umVUAQ,2017-03-01 05:34:55,005G0000007ZFITIA4,2017-03-01 05:34:55,005G0000007ZFITIA4,2017-03-01 05:34:55,,,,,,,,
a9Y3B000000CcCGUA0,false,CHStore:outOrderService,USD,00D3B0000008umVUAQ,2017-03-01 05:34:55,005G0000007ZFITIA4,2017-03-01 05:34:55,005G0000007ZFITIA4,2017-03-01 05:34:55,,,,,,,,
a9Y3B000000CcCHUA0,false,CHStore:PricingApi,USD,00D3B0000008umVUAQ,2017-03-01 05:34:55,005G0000007ZFITIA4,2017-03-01 05:34:55,005G0000007ZFITIA4,2017-03-01 05:34:55,,,cc_hk_Pricing,,,,,
a9Y3B000000CcCIUA0,false,CHStore:PricingDao,USD,00D3B0000008umVUAQ,2017-03-01 05:34:55,005G0000007ZFITIA4,2017-03-01 05:34:55,005G0000007ZFITIA4,2017-03-01 05:34:55,,,,,,,,
a9Y3B000000CcCJUA0,false,CHStore:PricingService,USD,00D3B0000008umVUAQ,2017-03-01 05:34:55,005G0000007ZFITIA4,2017-03-01 05:34:55,005G0000007ZFITIA4,2017-03-01 05:34:55,,,,,,,,
a9Y3B000000CcCKUA0,false,CHStore:prodQtyRuleAPI,USD,00D3B0000008umVUAQ,2017-03-01 05:34:55,005G0000007ZFITIA4,2017-03-01 05:34:55,005G0000007ZFITIA4,2017-03-01 05:34:55,,,cc_api_ProductQuantityRule,,,,,
a9Y3B000000CcCLUA0,false,CHStore:PymtHKApi,USD,00D3B0000008umVUAQ,2017-03-01 05:34:55,005G0000007ZFITIA4,2017-03-01 05:34:55,005G0000007ZFITIA4,2017-03-01 05:34:55,,,cc_hk_Payment,,,,,
a9Y3B000000CcCMUA0,false,CHStore:PymtHKDao,USD,00D3B0000008umVUAQ,2017-03-01 05:34:55,005G0000007ZFITIA4,2017-03-01 05:34:55,005G0000007ZFITIA4,2017-03-01 05:34:55,,,,,,,,
a9Y3B000000CcCNUA0,false,CHStore:PymtHKService,USD,00D3B0000008umVUAQ,2017-03-01 05:34:55,005G0000007ZFITIA4,2017-03-01 05:34:55,005G0000007ZFITIA4,2017-03-01 05:34:55,,,,,,,,
a9Y3B000000CcCOUA0,false,CHStore:shipApi,USD,00D3B0000008umVUAQ,2017-03-01 05:34:55,005G0000007ZFITIA4,2017-03-01 08:31:33,005G0000007ZFITIA4,2017-03-01 08:31:33,,,c.cc_jci_ctrl_ShippingOptions,,,,,
a9Y3B000000CcCPUA0,false,CHStore:shipDao,USD,00D3B0000008umVUAQ,2017-03-01 05:34:55,005G0000007ZFITIA4,2017-03-01 08:31:33,005G0000007ZFITIA4,2017-03-01 08:31:33,,,cc_dao_ShippingAndHandlingGeneric,,,,,
a9Y3B000000CcDpUAK,false,IRStore:PricingDao,USD,00D3B0000008umVUAQ,2017-03-01 05:34:55,005G0000007ZFITIA4,2017-03-01 05:34:55,005G0000007ZFITIA4,2017-03-01 05:34:55,,,,,,,,
a9Y3B000000CcDqUAK,false,IRStore:PricingService,USD,00D3B0000008umVUAQ,2017-03-01 05:34:55,005G0000007ZFITIA4,2017-03-01 05:34:55,005G0000007ZFITIA4,2017-03-01 05:34:55,,,,,,,,
a9Y3B000000CcDrUAK,false,IRStore:prodQtyRuleAPI,USD,00D3B0000008umVUAQ,2017-03-01 05:34:55,005G0000007ZFITIA4,2017-03-01 05:34:55,005G0000007ZFITIA4,2017-03-01 05:34:55,,,cc_api_ProductQuantityRule,,,,,
a9Y3B000000CcDsUAK,false,IRStore:PymtHKApi,USD,00D3B0000008umVUAQ,2017-03-01 05:34:55,005G0000007ZFITIA4,2017-03-01 05:34:55,005G0000007ZFITIA4,2017-03-01 05:34:55,,,cc_hk_Payment,,,,,
a9Y3B000000CcDtUAK,false,IRStore:PymtHKDao,USD,00D3B0000008umVUAQ,2017-03-01 05:34:55,005G0000007ZFITIA4,2017-03-01 05:34:55,005G0000007ZFITIA4,2017-03-01 05:34:55,,,,,,,,
a9Y3B000000CcAvUAK,false,ccLogicCartClone:LCCPY,USD,00D3B0000008umVUAQ,2017-03-01 05:34:55,005G0000007ZFITIA4,2017-03-01 05:34:55,005G0000007ZFITIA4,2017-03-01 05:34:55,,,ccLogicCartClone,,LCCPY,lreg,,
a9Y3B000000CcAwUAK,false,ccLogicCartCreate:LCCRT,USD,00D3B0000008umVUAQ,2017-03-01 05:34:55,005G0000007ZFITIA4,2017-03-01 05:34:55,005G0000007ZFITIA4,2017-03-01 05:34:55,,,ccLogicCartCreate,,LCCRT,lreg,,
a9Y3B000000CcAxUAK,false,ccLogicCartCreateCartItemGroup:LCCRIG,USD,00D3B0000008umVUAQ,2017-03-01 05:34:55,005G0000007ZFITIA4,2017-03-01 05:34:55,005G0000007ZFITIA4,2017-03-01 05:34:55,,,ccLogicCartCreateCartItemGroup,,LCCRIG,lreg,,
a9Y3B000000CcAyUAK,false,ccLogicCartGetDeliveryDates:LCDD,USD,00D3B0000008umVUAQ,2017-03-01 05:34:55,005G0000007ZFITIA4,2017-03-01 05:34:55,005G0000007ZFITIA4,2017-03-01 05:34:55,,,ccLogicCartGetDeliveryDates,,LCDD,lreg,,
a9Y3B000000CcAzUAK,false,ccLogicCartGetShippingOptions:LCTSO,USD,00D3B0000008umVUAQ,2017-03-01 05:34:55,005G0000007ZFITIA4,2017-03-01 05:34:55,005G0000007ZFITIA4,2017-03-01 05:34:55,,,ccLogicCartGetShippingOptions,,LCTSO,lreg,,
a9Y3B000000CcB0UAK,false,ccLogicCartInitItemGroups:LCIIG,USD,00D3B0000008umVUAQ,2017-03-01 05:34:55,005G0000007ZFITIA4,2017-03-01 05:34:55,005G0000007ZFITIA4,2017-03-01 05:34:55,,,ccLogicCartInitItemGroups,,LCIIG,lreg,,
a9Y3B000000CcB1UAK,false,ccLogicCartPlace:LCPLC,USD,00D3B0000008umVUAQ,2017-03-01 05:34:55,005G0000007ZFITIA4,2017-03-01 05:34:55,005G0000007ZFITIA4,2017-03-01 05:34:55,,,ccLogicCartPlace,,LCPLC,lreg,,
a9Y3B000000CcB2UAK,false,ccLogicCartPrice:LCPRC,USD,00D3B0000008umVUAQ,2017-03-01 05:34:55,005G0000007ZFITIA4,2017-03-01 05:34:55,005G0000007ZFITIA4,2017-03-01 05:34:55,,,ccLogicCartPrice,,LCPRC,lreg,,
a9Y3B000000CcB3UAK,false,ccLogicCartProcessItemGroups:LCPIG,USD,00D3B0000008umVUAQ,2017-03-01 05:34:55,005G0000007ZFITIA4,2017-03-01 05:34:55,005G0000007ZFITIA4,2017-03-01 05:34:55,,,ccLogicCartProcessItemGroups,,LCPIG,lreg,,
a9Y3B000000CcCQUA0,false,CHStore:shipService,USD,00D3B0000008umVUAQ,2017-03-01 05:34:55,005G0000007ZFITIA4,2017-03-01 05:34:55,005G0000007ZFITIA4,2017-03-01 05:34:55,,,cc_svc_ShippingAndHandlingGeneric,,,,,
a9Y3B000000CcCRUA0,false,CHStore:SSOLoginApi,USD,00D3B0000008umVUAQ,2017-03-01 05:34:55,005G0000007ZFITIA4,2017-03-01 05:34:55,005G0000007ZFITIA4,2017-03-01 05:34:55,,,c.cc_jci_ctrl_SSO,,,,,
a9Y3B000000CcCSUA0,false,CHStore:SSOLoginDao,USD,00D3B0000008umVUAQ,2017-03-01 05:34:55,005G0000007ZFITIA4,2017-03-01 05:34:55,005G0000007ZFITIA4,2017-03-01 05:34:55,,,,,,,,
a9Y3B000000CcDuUAK,false,IRStore:PymtHKService,USD,00D3B0000008umVUAQ,2017-03-01 05:34:55,005G0000007ZFITIA4,2017-03-01 05:34:55,005G0000007ZFITIA4,2017-03-01 05:34:55,,,,,,,,
a9Y3B000000CcDvUAK,false,IRStore:shipApi,USD,00D3B0000008umVUAQ,2017-03-01 05:34:55,005G0000007ZFITIA4,2017-03-01 05:34:55,005G0000007ZFITIA4,2017-03-01 05:34:55,,,c.cc_jci_ctrl_ShippingOptions,,,,,
a9Y3B000000CcDwUAK,false,IRStore:shipDao,USD,00D3B0000008umVUAQ,2017-03-01 05:34:55,005G0000007ZFITIA4,2017-03-01 05:34:55,005G0000007ZFITIA4,2017-03-01 05:34:55,,,cc_dao_ShippingAndHandlingGeneric,,,,,
a9Y3B000000CcDxUAK,false,IRStore:shipService,USD,00D3B0000008umVUAQ,2017-03-01 05:34:55,005G0000007ZFITIA4,2017-03-01 05:34:55,005G0000007ZFITIA4,2017-03-01 05:34:55,,,cc_svc_ShippingAndHandlingGeneric,,,,,
a9Y3B000000CcDyUAK,false,IRStore:SSOLoginApi,USD,00D3B0000008umVUAQ,2017-03-01 05:34:55,005G0000007ZFITIA4,2017-03-01 05:34:55,005G0000007ZFITIA4,2017-03-01 05:34:55,,,c.cc_jci_ctrl_SSO,,,,,
a9Y3B000000CcDzUAK,false,IRStore:SSOLoginDao,USD,00D3B0000008umVUAQ,2017-03-01 05:34:55,005G0000007ZFITIA4,2017-03-01 05:34:55,005G0000007ZFITIA4,2017-03-01 05:34:55,,,,,,,,
a9Y3B000000CcE0UAK,false,IRStore:SSOLoginService,USD,00D3B0000008umVUAQ,2017-03-01 05:34:56,005G0000007ZFITIA4,2017-03-01 05:34:56,005G0000007ZFITIA4,2017-03-01 05:34:56,,,,,,,,
a9Y3B000000CcE1UAK,false,IRStore:SUBSApi,USD,00D3B0000008umVUAQ,2017-03-01 05:34:56,005G0000007ZFITIA4,2017-03-01 05:34:56,005G0000007ZFITIA4,2017-03-01 05:34:56,,,cc_hk_Subscriptions,,,,,
a9Y3B000000CcE2UAK,false,IRStore:SUBSDao,USD,00D3B0000008umVUAQ,2017-03-01 05:34:56,005G0000007ZFITIA4,2017-03-01 05:34:56,005G0000007ZFITIA4,2017-03-01 05:34:56,,,,,,,,
a9Y3B000000CcE3UAK,false,IRStore:SUBSService,USD,00D3B0000008umVUAQ,2017-03-01 05:34:56,005G0000007ZFITIA4,2017-03-01 05:34:56,005G0000007ZFITIA4,2017-03-01 05:34:56,,,,,,,,
a9Y3B000000CcB4UAK,false,ccLogicCartRemove:LCREM,USD,00D3B0000008umVUAQ,2017-03-01 05:34:55,005G0000007ZFITIA4,2017-03-01 05:34:55,005G0000007ZFITIA4,2017-03-01 05:34:55,,,ccLogicCartRemove,,LCREM,lreg,,
a9Y3B000000CcB5UAK,false,ccLogicCartRemoveCart:LCREMC,USD,00D3B0000008umVUAQ,2017-03-01 05:34:55,005G0000007ZFITIA4,2017-03-01 05:34:55,005G0000007ZFITIA4,2017-03-01 05:34:55,,,ccLogicCartRemoveCart,,LCREMC,lreg,,
a9Y3B000000CcB6UAK,false,ccLogicCategoryTree:LCATTR,USD,00D3B0000008umVUAQ,2017-03-01 05:34:55,005G0000007ZFITIA4,2017-03-01 05:34:55,005G0000007ZFITIA4,2017-03-01 05:34:55,,,ccLogicCategoryTree,,LCATTR,lreg,,
a9Y3B000000CcB7UAK,false,ccLogicCouponClone:LCOUPCL,USD,00D3B0000008umVUAQ,2017-03-01 05:34:55,005G0000007ZFITIA4,2017-03-01 05:34:55,005G0000007ZFITIA4,2017-03-01 05:34:55,,,ccLogicCouponClone,,LCOUPCL,lreg,,
a9Y3B000000CcB8UAK,false,ccLogicI18NGetAvailableLocales:LSGAL,USD,00D3B0000008umVUAQ,2017-03-01 05:34:55,005G0000007ZFITIA4,2017-03-01 05:34:55,005G0000007ZFITIA4,2017-03-01 05:34:55,,,ccLogicI18NGetAvailableLocales,,LSGAL,lreg,,
a9Y3B000000CcB9UAK,false,ccLogicI18NGetLocale:LSGL,USD,00D3B0000008umVUAQ,2017-03-01 05:34:55,005G0000007ZFITIA4,2017-03-01 05:34:55,005G0000007ZFITIA4,2017-03-01 05:34:55,,,ccLogicI18NGetLocale,,LSGL,lreg,,
a9Y3B000000CcBAUA0,false,ccLogicI18NSetLocale:LSSL,USD,00D3B0000008umVUAQ,2017-03-01 05:34:55,005G0000007ZFITIA4,2017-03-01 05:34:55,005G0000007ZFITIA4,2017-03-01 05:34:55,,,ccLogicI18NSetLocale,,LSSL,lreg,,
a9Y3B000000CcBBUA0,false,ccLogicOrderAuthCancel:LOACL,USD,00D3B0000008umVUAQ,2017-03-01 05:34:55,005G0000007ZFITIA4,2017-03-01 05:34:55,005G0000007ZFITIA4,2017-03-01 05:34:55,,,ccLogicOrderAuthCancel,,LOACL,lreg,,
a9Y3B000000CcBCUA0,false,ccLogicOrderCancel:LOCL,USD,00D3B0000008umVUAQ,2017-03-01 05:34:55,005G0000007ZFITIA4,2017-03-01 05:34:55,005G0000007ZFITIA4,2017-03-01 05:34:55,,,ccLogicOrderCancel,,LOCL,lreg,,
a9Y3B000000CcCTUA0,false,CHStore:SSOLoginService,USD,00D3B0000008umVUAQ,2017-03-01 05:34:55,005G0000007ZFITIA4,2017-03-01 05:34:55,005G0000007ZFITIA4,2017-03-01 05:34:55,,,,,,,,
a9Y3B000000CcCUUA0,false,CHStore:SUBSApi,USD,00D3B0000008umVUAQ,2017-03-01 05:34:55,005G0000007ZFITIA4,2017-03-01 05:34:55,005G0000007ZFITIA4,2017-03-01 05:34:55,,,cc_hk_Subscriptions,,,,,
a9Y3B000000CcCVUA0,false,CHStore:SUBSDao,USD,00D3B0000008umVUAQ,2017-03-01 05:34:55,005G0000007ZFITIA4,2017-03-01 05:34:55,005G0000007ZFITIA4,2017-03-01 05:34:55,,,,,,,,
a9Y3B000000CcCWUA0,false,CHStore:SUBSService,USD,00D3B0000008umVUAQ,2017-03-01 05:34:55,005G0000007ZFITIA4,2017-03-01 05:34:55,005G0000007ZFITIA4,2017-03-01 05:34:55,,,,,,,,
a9Y3B000000CcCXUA0,false,CHStore:TaxCalculationApi,USD,00D3B0000008umVUAQ,2017-03-01 05:34:55,005G0000007ZFITIA4,2017-03-01 05:34:55,005G0000007ZFITIA4,2017-03-01 05:34:55,,,c.cc_jci_ctrl_TaxCalculation,,,,,
a9Y3B000000CcCYUA0,false,CHStore:UsrItfApi,USD,00D3B0000008umVUAQ,2017-03-01 05:34:55,005G0000007ZFITIA4,2017-03-01 05:34:55,005G0000007ZFITIA4,2017-03-01 05:34:55,,,cc_hk_UserInterface:v001,,,,,
a9Y3B000000CcCZUA0,false,CHStore:UsrItfDao,USD,00D3B0000008umVUAQ,2017-03-01 05:34:55,005G0000007ZFITIA4,2017-03-01 05:34:55,005G0000007ZFITIA4,2017-03-01 05:34:55,,,,,,,,
a9Y3B000000CcCaUAK,false,CHStore:UsrItfService,USD,00D3B0000008umVUAQ,2017-03-01 05:34:55,005G0000007ZFITIA4,2017-03-01 05:34:55,005G0000007ZFITIA4,2017-03-01 05:34:55,,,,,,,,
a9Y3B000000CcCbUAK,false,DefaultStore:adjustApi,USD,00D3B0000008umVUAQ,2017-03-01 05:34:55,005G0000007ZFITIA4,2017-03-01 05:34:55,005G0000007ZFITIA4,2017-03-01 05:34:55,,,cc_api_PriceAdjustment,,,,,
a9Y3B000000CcCcUAK,false,DefaultStore:adjustDao,USD,00D3B0000008umVUAQ,2017-03-01 05:34:55,005G0000007ZFITIA4,2017-03-01 05:34:55,005G0000007ZFITIA4,2017-03-01 05:34:55,,,,,,,,
a9Y3B000000CcE4UAK,false,IRStore:TaxCalculationApi,USD,00D3B0000008umVUAQ,2017-03-01 05:34:56,005G0000007ZFITIA4,2017-03-01 05:34:56,005G0000007ZFITIA4,2017-03-01 05:34:56,,,c.cc_jci_ctrl_TaxCalculation,,,,,
a9Y3B000000CcE5UAK,false,IRStore:UsrItfApi,USD,00D3B0000008umVUAQ,2017-03-01 05:34:56,005G0000007ZFITIA4,2017-03-01 05:34:56,005G0000007ZFITIA4,2017-03-01 05:34:56,,,cc_hk_UserInterface:v001,,,,,
a9Y3B000000CcE6UAK,false,IRStore:UsrItfDao,USD,00D3B0000008umVUAQ,2017-03-01 05:34:56,005G0000007ZFITIA4,2017-03-01 05:34:56,005G0000007ZFITIA4,2017-03-01 05:34:56,,,,,,,,
a9Y3B000000CcE7UAK,false,IRStore:UsrItfService,USD,00D3B0000008umVUAQ,2017-03-01 05:34:56,005G0000007ZFITIA4,2017-03-01 05:34:56,005G0000007ZFITIA4,2017-03-01 05:34:56,,,,,,,,
a9Y3B000000CcBDUA0,false,ccLogicOrderGetOrdersToSplit:LOGSPL,USD,00D3B0000008umVUAQ,2017-03-01 05:34:55,005G0000007ZFITIA4,2017-03-01 05:34:55,005G0000007ZFITIA4,2017-03-01 05:34:55,,,ccLogicOrderGetOrdersToSplit,,LOGSPL,lreg,,
a9Y3B000000CcBEUA0,false,ccLogicOrderHistory:LOH,USD,00D3B0000008umVUAQ,2017-03-01 05:34:55,005G0000007ZFITIA4,2017-03-01 05:34:55,005G0000007ZFITIA4,2017-03-01 05:34:55,,,ccLogicOrderHistory,,LOH,lreg,,
a9Y3B000000CcBFUA0,false,ccLogicOrderReOrder:LORE,USD,00D3B0000008umVUAQ,2017-03-01 05:34:55,005G0000007ZFITIA4,2017-03-01 05:34:55,005G0000007ZFITIA4,2017-03-01 05:34:55,,,ccLogicOrderReOrder,,LORE,lreg,,
a9Y3B000000CcBGUA0,false,ccLogicOrderSplitOrder:LOSPL,USD,00D3B0000008umVUAQ,2017-03-01 05:34:55,005G0000007ZFITIA4,2017-03-01 05:34:55,005G0000007ZFITIA4,2017-03-01 05:34:55,,,ccLogicOrderSplitOrder,,LOSPL,lreg,,
a9Y3B000000CcBHUA0,false,ccLogicProductPricing:LPP,USD,00D3B0000008umVUAQ,2017-03-01 05:34:55,005G0000007ZFITIA4,2017-03-01 05:34:55,005G0000007ZFITIA4,2017-03-01 05:34:55,,,ccLogicProductPricing,,LPP,lreg,,
a9Y3B000000CcBIUA0,false,ccLogicPromotionFilter:LPROF,USD,00D3B0000008umVUAQ,2017-03-01 05:34:55,005G0000007ZFITIA4,2017-03-01 05:34:55,005G0000007ZFITIA4,2017-03-01 05:34:55,,,ccLogicPromotionFilter,,LPROF,lreg,,
a9Y3B000000CcBJUA0,false,ccLogicStorefrontIsAccessible:LSIA,USD,00D3B0000008umVUAQ,2017-03-01 05:34:55,005G0000007ZFITIA4,2017-03-01 05:34:55,005G0000007ZFITIA4,2017-03-01 05:34:55,,,ccLogicStorefrontIsAccessible,,LSIA,lreg,,
a9Y3B000000CcBKUA0,false,ccLogicStorefrontRouteFailure:LSRF,USD,00D3B0000008umVUAQ,2017-03-01 05:34:55,005G0000007ZFITIA4,2017-03-01 05:34:55,005G0000007ZFITIA4,2017-03-01 05:34:55,,,ccLogicStorefrontRouteFailure,,LSRF,lreg,,
a9Y3B000000CcCdUAK,false,DefaultStore:adjustService,USD,00D3B0000008umVUAQ,2017-03-01 05:34:55,005G0000007ZFITIA4,2017-03-01 05:34:55,005G0000007ZFITIA4,2017-03-01 05:34:55,,,,,,,,
a9Y3B000000CcCeUAK,false,DefaultStore:DynCatApi,USD,00D3B0000008umVUAQ,2017-03-01 05:34:55,005G0000007ZFITIA4,2017-03-01 05:34:55,005G0000007ZFITIA4,2017-03-01 05:34:55,,,cc_hk_Category,,,,,
a9Y3B000000CcCfUAK,false,DefaultStore:DynCatDao,USD,00D3B0000008umVUAQ,2017-03-01 05:34:55,005G0000007ZFITIA4,2017-03-01 05:34:55,005G0000007ZFITIA4,2017-03-01 05:34:55,,,,,,,,
a9Y3B000000CcCgUAK,false,DefaultStore:DynCatService,USD,00D3B0000008umVUAQ,2017-03-01 05:34:55,005G0000007ZFITIA4,2017-03-01 05:34:55,005G0000007ZFITIA4,2017-03-01 05:34:55,,,,,,,,
a9Y3B000000CcChUAK,false,DefaultStore:DynMenuApi,USD,00D3B0000008umVUAQ,2017-03-01 05:34:55,005G0000007ZFITIA4,2017-03-01 05:34:55,005G0000007ZFITIA4,2017-03-01 05:34:55,,,cc_hk_Menu,,,,,
a9Y3B000000CcCiUAK,false,DefaultStore:DynMenuDao,USD,00D3B0000008umVUAQ,2017-03-01 05:34:55,005G0000007ZFITIA4,2017-03-01 05:34:55,005G0000007ZFITIA4,2017-03-01 05:34:55,,,,,,,,
a9Y3B000000CcCjUAK,false,DefaultStore:DynMenuService,USD,00D3B0000008umVUAQ,2017-03-01 05:34:55,005G0000007ZFITIA4,2017-03-01 05:34:55,005G0000007ZFITIA4,2017-03-01 05:34:55,,,,,,,,
a9Y3B000000CcCkUAK,false,DefaultStore:DynThemeApi,USD,00D3B0000008umVUAQ,2017-03-01 05:34:55,005G0000007ZFITIA4,2017-03-01 05:34:55,005G0000007ZFITIA4,2017-03-01 05:34:55,,,cc_hk_DynamicTheme,,,,,
a9Y3B000000CcClUAK,false,DefaultStore:DynThemeDao,USD,00D3B0000008umVUAQ,2017-03-01 05:34:55,005G0000007ZFITIA4,2017-03-01 05:34:55,005G0000007ZFITIA4,2017-03-01 05:34:55,,,,,,,,
a9Y3B000000CcCmUAK,false,DefaultStore:DynThemeService,USD,00D3B0000008umVUAQ,2017-03-01 05:34:55,005G0000007ZFITIA4,2017-03-01 05:34:55,005G0000007ZFITIA4,2017-03-01 05:34:55,,,,,,,,
a9Y3B000000CcCnUAK,false,DefaultStore:EffAccountApi,USD,00D3B0000008umVUAQ,2017-03-01 05:34:55,005G0000007ZFITIA4,2017-03-01 05:34:55,005G0000007ZFITIA4,2017-03-01 05:34:55,,,cc_hk_EffectiveAccount,,,,,
a9Y3B000000CcCoUAK,false,DefaultStore:EffAccountDao,USD,00D3B0000008umVUAQ,2017-03-01 05:34:55,005G0000007ZFITIA4,2017-03-01 05:34:55,005G0000007ZFITIA4,2017-03-01 05:34:55,,,,,,,,
a9Y3B000000CcCpUAK,false,DefaultStore:EffAccountService,USD,00D3B0000008umVUAQ,2017-03-01 05:34:55,005G0000007ZFITIA4,2017-03-01 05:34:55,005G0000007ZFITIA4,2017-03-01 05:34:55,,,,,,,,
a9Y3B000000CcCqUAK,false,DefaultStore:InvcHKApi,USD,00D3B0000008umVUAQ,2017-03-01 05:34:55,005G0000007ZFITIA4,2017-03-01 05:34:55,005G0000007ZFITIA4,2017-03-01 05:34:55,,,cc_hk_Invoice,,,,,
a9Y3B000000CcCrUAK,false,DefaultStore:InvcHKDao,USD,00D3B0000008umVUAQ,2017-03-01 05:34:55,005G0000007ZFITIA4,2017-03-01 05:34:55,005G0000007ZFITIA4,2017-03-01 05:34:55,,,,,,,,
a9Y3B000000CcCsUAK,false,DefaultStore:InvcHKService,USD,00D3B0000008umVUAQ,2017-03-01 05:34:55,005G0000007ZFITIA4,2017-03-01 05:34:55,005G0000007ZFITIA4,2017-03-01 05:34:55,,,,,,,,
a9Y3B000000CcCtUAK,false,DefaultStore:OrderHKApi,USD,00D3B0000008umVUAQ,2017-03-01 05:34:55,005G0000007ZFITIA4,2017-03-01 05:34:55,005G0000007ZFITIA4,2017-03-01 05:34:55,,,cc_hk_Order,,,,,
a9Y3B000000CcCuUAK,false,DefaultStore:OrderHKDao,USD,00D3B0000008umVUAQ,2017-03-01 05:34:55,005G0000007ZFITIA4,2017-03-01 05:34:55,005G0000007ZFITIA4,2017-03-01 05:34:55,,,,,,,,
a9Y3B000000CcCvUAK,false,DefaultStore:OrderHKService,USD,00D3B0000008umVUAQ,2017-03-01 05:34:55,005G0000007ZFITIA4,2017-03-01 05:34:55,005G0000007ZFITIA4,2017-03-01 05:34:55,,,,,,,,
a9Y3B000000CcCwUAK,false,DefaultStore:OutOrderCancelApi,USD,00D3B0000008umVUAQ,2017-03-01 05:34:55,005G0000007ZFITIA4,2017-03-01 05:34:55,005G0000007ZFITIA4,2017-03-01 05:34:55,,,cc_api_OutboundOrderCancel,,,,,
a9Y3B000000CcBLUA0,false,ccLogicSubscPageNotFound:LSPNF,USD,00D3B0000008umVUAQ,2017-03-01 05:34:55,005G0000007ZFITIA4,2017-03-01 05:34:55,005G0000007ZFITIA4,2017-03-01 05:34:55,,,ccLogicSubscPageNotFound,,LSPNF,lreg,,
a9Y3B000000CcBMUA0,false,ccLogicUserCreateUser:LUSNW,USD,00D3B0000008umVUAQ,2017-03-01 05:34:55,005G0000007ZFITIA4,2017-03-01 05:34:55,005G0000007ZFITIA4,2017-03-01 05:34:55,,,ccLogicUserCreateUser,,LUSNW,lreg,,
a9Y3B000000CcBNUA0,false,ccServiceAccount:SACC,USD,00D3B0000008umVUAQ,2017-03-01 05:34:55,005G0000007ZFITIA4,2017-03-01 05:34:55,005G0000007ZFITIA4,2017-03-01 05:34:55,,,ccServiceAccount,,SACC,sreg,,
a9Y3B000000CcBOUA0,false,ccServiceAddress:SAD,USD,00D3B0000008umVUAQ,2017-03-01 05:34:55,005G0000007ZFITIA4,2017-03-01 05:34:55,005G0000007ZFITIA4,2017-03-01 05:34:55,,,ccServiceAddress,,SAD,sreg,,
a9Y3B000000CcBPUA0,false,ccServiceAddressBook:SADB,USD,00D3B0000008umVUAQ,2017-03-01 05:34:55,005G0000007ZFITIA4,2017-03-01 05:34:55,005G0000007ZFITIA4,2017-03-01 05:34:55,,,ccServiceAddressBook,,SADB,sreg,,
a9Y3B000000CcBQUA0,false,ccServiceCart:SC,USD,00D3B0000008umVUAQ,2017-03-01 05:34:55,005G0000007ZFITIA4,2017-03-01 05:34:55,005G0000007ZFITIA4,2017-03-01 05:34:55,,,ccServiceCart,,SC,sreg,,
a9Y3B000000CcBRUA0,false,ccServiceCartItemGroup:SCG,USD,00D3B0000008umVUAQ,2017-03-01 05:34:55,005G0000007ZFITIA4,2017-03-01 05:34:55,005G0000007ZFITIA4,2017-03-01 05:34:55,,,ccServiceCartItemGroup,,SCG,sreg,,
a9Y3B000000CcBSUA0,false,ccServiceCategory:SCT,USD,00D3B0000008umVUAQ,2017-03-01 05:34:55,005G0000007ZFITIA4,2017-03-01 05:34:55,005G0000007ZFITIA4,2017-03-01 05:34:55,,,ccServiceCategory,,SCT,sreg,,
a9Y3B000000CcBTUA0,false,ccServiceContact:SCON,USD,00D3B0000008umVUAQ,2017-03-01 05:34:55,005G0000007ZFITIA4,2017-03-01 05:34:55,005G0000007ZFITIA4,2017-03-01 05:34:55,,,ccServiceContact,,SCON,sreg,,
a9Y3B000000CcBUUA0,false,ccServiceCoupon:SCOUP,USD,00D3B0000008umVUAQ,2017-03-01 05:34:55,005G0000007ZFITIA4,2017-03-01 05:34:55,005G0000007ZFITIA4,2017-03-01 05:34:55,,,ccServiceCoupon,,SCOUP,sreg,,
a9Y3B000000CcBVUA0,false,ccServiceInvoice:SINV,USD,00D3B0000008umVUAQ,2017-03-01 05:34:55,005G0000007ZFITIA4,2017-03-01 05:34:55,005G0000007ZFITIA4,2017-03-01 05:34:55,,,ccServiceInvoice,,SINV,sreg,,
a9Y3B000000CcBWUA0,false,ccServiceMenu:SMNU,USD,00D3B0000008umVUAQ,2017-03-01 05:34:55,005G0000007ZFITIA4,2017-03-01 05:34:55,005G0000007ZFITIA4,2017-03-01 05:34:55,,,ccServiceMenu,,SMNU,sreg,,
a9Y3B000000CcBXUA0,false,ccServiceOrder:SO,USD,00D3B0000008umVUAQ,2017-03-01 05:34:55,005G0000007ZFITIA4,2017-03-01 05:34:55,005G0000007ZFITIA4,2017-03-01 05:34:55,,,ccServiceOrder,,SO,sreg,,
a9Y3B000000CcBYUA0,false,ccServiceProduct:SP,USD,00D3B0000008umVUAQ,2017-03-01 05:34:55,005G0000007ZFITIA4,2017-03-01 05:34:55,005G0000007ZFITIA4,2017-03-01 05:34:55,,,ccServiceProduct,,SP,sreg,,
a9Y3B000000CcBZUA0,false,ccServicePromotion:SPRO,USD,00D3B0000008umVUAQ,2017-03-01 05:34:55,005G0000007ZFITIA4,2017-03-01 05:34:55,005G0000007ZFITIA4,2017-03-01 05:34:55,,,ccServicePromotion,,SPRO,sreg,,
a9Y3B000000CcBaUAK,false,ccServiceRelatedProduct:SRP,USD,00D3B0000008umVUAQ,2017-03-01 05:34:55,005G0000007ZFITIA4,2017-03-01 05:34:55,005G0000007ZFITIA4,2017-03-01 05:34:55,,,ccServiceRelatedProduct,,SRP,sreg,,
a9Y3B000000CcBbUAK,false,ccServiceSeller:SEL,USD,00D3B0000008umVUAQ,2017-03-01 05:34:55,005G0000007ZFITIA4,2017-03-01 05:34:55,005G0000007ZFITIA4,2017-03-01 05:34:55,,,ccServiceSeller,,SEL,sreg,,
a9Y3B000000CcBcUAK,false,ccServiceSpec:SSPC,USD,00D3B0000008umVUAQ,2017-03-01 05:34:55,005G0000007ZFITIA4,2017-03-01 05:34:55,005G0000007ZFITIA4,2017-03-01 05:34:55,,,ccServiceSpec,,SSPC,sreg,,
a9Y3B000000CcBdUAK,false,ccServiceStorefrontAssociation:SASC,USD,00D3B0000008umVUAQ,2017-03-01 05:34:55,005G0000007ZFITIA4,2017-03-01 05:34:55,005G0000007ZFITIA4,2017-03-01 05:34:55,,,ccServiceStorefrontAssociation,,SASC,sreg,,
a9Y3B000000CcBeUAK,false,ccServiceSubProdTerm:SSPT,USD,00D3B0000008umVUAQ,2017-03-01 05:34:55,005G0000007ZFITIA4,2017-03-01 05:34:55,005G0000007ZFITIA4,2017-03-01 05:34:55,,,ccServiceSubProdTerm,,SSPT,sreg,,
a9Y3B000000CcCxUAK,false,DefaultStore:OutOrderCancelDao,USD,00D3B0000008umVUAQ,2017-03-01 05:34:55,005G0000007ZFITIA4,2017-03-01 05:34:55,005G0000007ZFITIA4,2017-03-01 05:34:55,,,,,,,,
a9Y3B000000CcCyUAK,false,DefaultStore:OutOrderCancelService,USD,00D3B0000008umVUAQ,2017-03-01 05:34:55,005G0000007ZFITIA4,2017-03-01 05:34:55,005G0000007ZFITIA4,2017-03-01 05:34:55,,,,,,,,
a9Y3B000000CcCzUAK,false,DefaultStore:PricingApi,USD,00D3B0000008umVUAQ,2017-03-01 05:34:55,005G0000007ZFITIA4,2017-03-01 05:34:55,005G0000007ZFITIA4,2017-03-01 05:34:55,,,cc_hk_Pricing,,,,,
a9Y3B000000CcD0UAK,false,DefaultStore:PricingDao,USD,00D3B0000008umVUAQ,2017-03-01 05:34:55,005G0000007ZFITIA4,2017-03-01 05:34:55,005G0000007ZFITIA4,2017-03-01 05:34:55,,,,,,,,
a9Y3B000000CcD1UAK,false,DefaultStore:PricingService,USD,00D3B0000008umVUAQ,2017-03-01 05:34:55,005G0000007ZFITIA4,2017-03-01 05:34:55,005G0000007ZFITIA4,2017-03-01 05:34:55,,,,,,,,
a9Y3B000000CcD2UAK,false,DefaultStore:PromotionsApi,USD,00D3B0000008umVUAQ,2017-03-01 05:34:55,005G0000007ZFITIA4,2017-03-01 05:34:55,005G0000007ZFITIA4,2017-03-01 05:34:55,,,cc_hk_Promotion,,,,,
a9Y3B000000CcD3UAK,false,DefaultStore:PromotionsDao,USD,00D3B0000008umVUAQ,2017-03-01 05:34:55,005G0000007ZFITIA4,2017-03-01 05:34:55,005G0000007ZFITIA4,2017-03-01 05:34:55,,,,,,,,
a9Y3B000000CcD4UAK,false,DefaultStore:PromotionsService,USD,00D3B0000008umVUAQ,2017-03-01 05:34:55,005G0000007ZFITIA4,2017-03-01 05:34:55,005G0000007ZFITIA4,2017-03-01 05:34:55,,,,,,,,
a9Y3B000000CcD5UAK,false,DefaultStore:PymtHKApi,USD,00D3B0000008umVUAQ,2017-03-01 05:34:55,005G0000007ZFITIA4,2017-03-01 05:34:55,005G0000007ZFITIA4,2017-03-01 05:34:55,,,cc_hk_Payment,,,,,
a9Y3B000000CcD6UAK,false,DefaultStore:PymtHKDao,USD,00D3B0000008umVUAQ,2017-03-01 05:34:55,005G0000007ZFITIA4,2017-03-01 05:34:55,005G0000007ZFITIA4,2017-03-01 05:34:55,,,,,,,,
