id,isdeleted,name,currencyisocode,setupownerid,createddate,createdbyid,lastmodifieddate,lastmodifiedbyid,systemmodstamp,lastvieweddate,lastreferenceddate,allowaccess__c,country__c,storefront__c,
a8M3B000000CemQUAS,false,UG,USD,00D3B0000008ukZUAQ,2017-03-01 16:27:03,0053B000000fTg9QAE,2017-03-01 16:27:03,0053B000000fTg9QAE,2017-03-01 16:27:03,,,true,Uganda,DefaultStore,
a8M3B000000CemRUAS,false,FJ,USD,00D3B0000008ukZUAQ,2017-03-01 16:27:03,0053B000000fTg9QAE,2017-03-01 16:27:03,0053B000000fTg9QAE,2017-03-01 16:27:03,,,true,Fiji,DefaultStore,
a8M3B000000CemSUAS,false,FI,USD,00D3B0000008ukZUAQ,2017-03-01 16:27:03,0053B000000fTg9QAE,2017-03-01 16:27:03,0053B000000fTg9QAE,2017-03-01 16:27:03,,,true,Finland,DefaultStore,
a8M3B000000CemTUAS,false,FR,USD,00D3B0000008ukZUAQ,2017-03-01 16:27:03,0053B000000fTg9QAE,2017-03-01 16:27:03,0053B000000fTg9QAE,2017-03-01 16:27:03,,,true,France,DefaultStore,
a8M3B000000CemUUAS,false,GF,USD,00D3B0000008ukZUAQ,2017-03-01 16:27:03,0053B000000fTg9QAE,2017-03-01 16:27:03,0053B000000fTg9QAE,2017-03-01 16:27:03,,,true,French Guiana,DefaultStore,
a8M3B000000CemVUAS,false,PF,USD,00D3B0000008ukZUAQ,2017-03-01 16:27:03,0053B000000fTg9QAE,2017-03-01 16:27:03,0053B000000fTg9QAE,2017-03-01 16:27:03,,,true,French Polynesia,DefaultStore,
a8M3B000000CemWUAS,false,TF,USD,00D3B0000008ukZUAQ,2017-03-01 16:27:03,0053B000000fTg9QAE,2017-03-01 16:27:03,0053B000000fTg9QAE,2017-03-01 16:27:03,,,true,French Southern Territories,DefaultStore,
a8M3B000000CemXUAS,false,KW,USD,00D3B0000008ukZUAQ,2017-03-01 16:27:03,0053B000000fTg9QAE,2017-03-01 16:27:03,0053B000000fTg9QAE,2017-03-01 16:27:03,,,true,Kuwait,DefaultStore,
a8M3B000000CemYUAS,false,KG,USD,00D3B0000008ukZUAQ,2017-03-01 16:27:03,0053B000000fTg9QAE,2017-03-01 16:27:03,0053B000000fTg9QAE,2017-03-01 16:27:03,,,true,Kyrgyzstan,DefaultStore,
a8M3B000000CemZUAS,false,KR,USD,00D3B0000008ukZUAQ,2017-03-01 16:27:03,0053B000000fTg9QAE,2017-03-01 16:27:03,0053B000000fTg9QAE,2017-03-01 16:27:03,,,true,"Korea, Republic Of",DefaultStore,
a8M3B000000CemaUAC,false,LA,USD,00D3B0000008ukZUAQ,2017-03-01 16:27:03,0053B000000fTg9QAE,2017-03-01 16:27:03,0053B000000fTg9QAE,2017-03-01 16:27:03,,,true,Lao People's Democratic Republic,DefaultStore,
a8M3B000000CembUAC,false,LV,USD,00D3B0000008ukZUAQ,2017-03-01 16:27:03,0053B000000fTg9QAE,2017-03-01 16:27:03,0053B000000fTg9QAE,2017-03-01 16:27:03,,,true,Latvia,DefaultStore,
a8M3B000000CemcUAC,false,LB,USD,00D3B0000008ukZUAQ,2017-03-01 16:27:03,0053B000000fTg9QAE,2017-03-01 16:27:03,0053B000000fTg9QAE,2017-03-01 16:27:03,,,true,Lebanon,DefaultStore,
a8M3B000000CemdUAC,false,LS,USD,00D3B0000008ukZUAQ,2017-03-01 16:27:03,0053B000000fTg9QAE,2017-03-01 16:27:03,0053B000000fTg9QAE,2017-03-01 16:27:03,,,true,Lesotho,DefaultStore,
a8M3B000000CemeUAC,false,LR,USD,00D3B0000008ukZUAQ,2017-03-01 16:27:03,0053B000000fTg9QAE,2017-03-01 16:27:03,0053B000000fTg9QAE,2017-03-01 16:27:03,,,true,Liberia,DefaultStore,
a8M3B000000CemfUAC,false,LY,USD,00D3B0000008ukZUAQ,2017-03-01 16:27:03,0053B000000fTg9QAE,2017-03-01 16:27:03,0053B000000fTg9QAE,2017-03-01 16:27:03,,,true,Libya,DefaultStore,
a8M3B000000CemgUAC,false,NA,USD,00D3B0000008ukZUAQ,2017-03-01 16:27:03,0053B000000fTg9QAE,2017-03-01 16:27:03,0053B000000fTg9QAE,2017-03-01 16:27:03,,,true,Namibia,DefaultStore,
a8M3B000000CemhUAC,false,NR,USD,00D3B0000008ukZUAQ,2017-03-01 16:27:03,0053B000000fTg9QAE,2017-03-01 16:27:03,0053B000000fTg9QAE,2017-03-01 16:27:03,,,true,Nauru,DefaultStore,
a8M3B000000CemiUAC,false,NP,USD,00D3B0000008ukZUAQ,2017-03-01 16:27:03,0053B000000fTg9QAE,2017-03-01 16:27:03,0053B000000fTg9QAE,2017-03-01 16:27:03,,,true,Nepal,DefaultStore,
a8M3B000000CemjUAC,false,NL,USD,00D3B0000008ukZUAQ,2017-03-01 16:27:03,0053B000000fTg9QAE,2017-03-01 16:27:03,0053B000000fTg9QAE,2017-03-01 16:27:03,,,true,Netherlands,DefaultStore,
a8M3B000000CemkUAC,false,NC,USD,00D3B0000008ukZUAQ,2017-03-01 16:27:03,0053B000000fTg9QAE,2017-03-01 16:27:03,0053B000000fTg9QAE,2017-03-01 16:27:03,,,true,New Caledonia,DefaultStore,
a8M3B000000CemlUAC,false,NZ,USD,00D3B0000008ukZUAQ,2017-03-01 16:27:03,0053B000000fTg9QAE,2017-03-01 16:27:03,0053B000000fTg9QAE,2017-03-01 16:27:03,,,true,New Zealand,DefaultStore,
a8M3B000000CemmUAC,false,NI,USD,00D3B0000008ukZUAQ,2017-03-01 16:27:03,0053B000000fTg9QAE,2017-03-01 16:27:03,0053B000000fTg9QAE,2017-03-01 16:27:03,,,true,Nicaragua,DefaultStore,
a8M3B000000CemnUAC,false,UA,USD,00D3B0000008ukZUAQ,2017-03-01 16:27:03,0053B000000fTg9QAE,2017-03-01 16:27:03,0053B000000fTg9QAE,2017-03-01 16:27:03,,,true,Ukraine,DefaultStore,
a8M3B000000CemoUAC,false,AE,USD,00D3B0000008ukZUAQ,2017-03-01 16:27:03,0053B000000fTg9QAE,2017-03-01 16:27:03,0053B000000fTg9QAE,2017-03-01 16:27:03,,,true,United Arab Emirates,DefaultStore,
a8M3B000000CempUAC,false,GB,USD,00D3B0000008ukZUAQ,2017-03-01 16:27:03,0053B000000fTg9QAE,2017-03-01 16:27:03,0053B000000fTg9QAE,2017-03-01 16:27:03,,,true,United Kingdom,DefaultStore,
a8M3B000000CemqUAC,false,US,USD,00D3B0000008ukZUAQ,2017-03-01 16:27:03,0053B000000fTg9QAE,2017-03-01 16:27:03,0053B000000fTg9QAE,2017-03-01 16:27:03,,,true,United States,DefaultStore,
a8M3B000000CemrUAC,false,UM,USD,00D3B0000008ukZUAQ,2017-03-01 16:27:03,0053B000000fTg9QAE,2017-03-01 16:27:03,0053B000000fTg9QAE,2017-03-01 16:27:03,,,true,United States Minor Outlying Islands,DefaultStore,
a8M3B000000CemsUAC,false,UY,USD,00D3B0000008ukZUAQ,2017-03-01 16:27:03,0053B000000fTg9QAE,2017-03-01 16:27:03,0053B000000fTg9QAE,2017-03-01 16:27:03,,,true,Uruguay,DefaultStore,
a8M3B000000CemtUAC,false,UZ,USD,00D3B0000008ukZUAQ,2017-03-01 16:27:03,0053B000000fTg9QAE,2017-03-01 16:27:03,0053B000000fTg9QAE,2017-03-01 16:27:03,,,true,Uzbekistan,DefaultStore,
a8M3B000000CemuUAC,false,VU,USD,00D3B0000008ukZUAQ,2017-03-01 16:27:03,0053B000000fTg9QAE,2017-03-01 16:27:03,0053B000000fTg9QAE,2017-03-01 16:27:03,,,true,Vanuatu,DefaultStore,
a8M3B000000CemvUAC,false,GA,USD,00D3B0000008ukZUAQ,2017-03-01 16:27:03,0053B000000fTg9QAE,2017-03-01 16:27:03,0053B000000fTg9QAE,2017-03-01 16:27:03,,,true,Gabon,DefaultStore,
a8M3B000000CemwUAC,false,GM,USD,00D3B0000008ukZUAQ,2017-03-01 16:27:03,0053B000000fTg9QAE,2017-03-01 16:27:03,0053B000000fTg9QAE,2017-03-01 16:27:03,,,true,Gambia,DefaultStore,
a8M3B000000CemxUAC,false,GE,USD,00D3B0000008ukZUAQ,2017-03-01 16:27:03,0053B000000fTg9QAE,2017-03-01 16:27:03,0053B000000fTg9QAE,2017-03-01 16:27:03,,,true,Georgia,DefaultStore,
a8M3B000000CemyUAC,false,LI,USD,00D3B0000008ukZUAQ,2017-03-01 16:27:03,0053B000000fTg9QAE,2017-03-01 16:27:03,0053B000000fTg9QAE,2017-03-01 16:27:03,,,true,Liechtenstein,DefaultStore,
a8M3B000000CemzUAC,false,LT,USD,00D3B0000008ukZUAQ,2017-03-01 16:27:03,0053B000000fTg9QAE,2017-03-01 16:27:03,0053B000000fTg9QAE,2017-03-01 16:27:03,,,true,Lithuania,DefaultStore,
a8M3B000000Cen0UAC,false,LU,USD,00D3B0000008ukZUAQ,2017-03-01 16:27:03,0053B000000fTg9QAE,2017-03-01 16:27:03,0053B000000fTg9QAE,2017-03-01 16:27:03,,,true,Luxembourg,DefaultStore,
a8M3B000000Cen1UAC,false,MO,USD,00D3B0000008ukZUAQ,2017-03-01 16:27:03,0053B000000fTg9QAE,2017-03-01 16:27:03,0053B000000fTg9QAE,2017-03-01 16:27:03,,,true,Macao,DefaultStore,
a8M3B000000CekvUAC,false,BE,USD,00D3B0000008ukZUAQ,2017-03-01 16:27:03,0053B000000fTg9QAE,2017-03-01 16:27:03,0053B000000fTg9QAE,2017-03-01 16:27:03,,,true,Belgium,DefaultStore,
a8M3B000000CekwUAC,false,BZ,USD,00D3B0000008ukZUAQ,2017-03-01 16:27:03,0053B000000fTg9QAE,2017-03-01 16:27:03,0053B000000fTg9QAE,2017-03-01 16:27:03,,,true,Belize,DefaultStore,
a8M3B000000CekxUAC,false,BJ,USD,00D3B0000008ukZUAQ,2017-03-01 16:27:03,0053B000000fTg9QAE,2017-03-01 16:27:03,0053B000000fTg9QAE,2017-03-01 16:27:03,,,true,Benin,DefaultStore,
a8M3B000000CekyUAC,false,BM,USD,00D3B0000008ukZUAQ,2017-03-01 16:27:03,0053B000000fTg9QAE,2017-03-01 16:27:03,0053B000000fTg9QAE,2017-03-01 16:27:03,,,true,Bermuda,DefaultStore,
a8M3B000000CekzUAC,false,BT,USD,00D3B0000008ukZUAQ,2017-03-01 16:27:03,0053B000000fTg9QAE,2017-03-01 16:27:03,0053B000000fTg9QAE,2017-03-01 16:27:03,,,true,Bhutan,DefaultStore,
a8M3B000000Cel0UAC,false,BO,USD,00D3B0000008ukZUAQ,2017-03-01 16:27:03,0053B000000fTg9QAE,2017-03-01 16:27:03,0053B000000fTg9QAE,2017-03-01 16:27:03,,,true,"Bolivia, Plurinational State Of",DefaultStore,
a8M3B000000Cel1UAC,false,BQ,USD,00D3B0000008ukZUAQ,2017-03-01 16:27:03,0053B000000fTg9QAE,2017-03-01 16:27:03,0053B000000fTg9QAE,2017-03-01 16:27:03,,,true,"Bonaire, Sint Eustatius And Saba",DefaultStore,
a8M3B000000Cel2UAC,false,BA,USD,00D3B0000008ukZUAQ,2017-03-01 16:27:03,0053B000000fTg9QAE,2017-03-01 16:27:03,0053B000000fTg9QAE,2017-03-01 16:27:03,,,true,Bosnia And Herzegovina,DefaultStore,
a8M3B000000Cel3UAC,false,BW,USD,00D3B0000008ukZUAQ,2017-03-01 16:27:03,0053B000000fTg9QAE,2017-03-01 16:27:03,0053B000000fTg9QAE,2017-03-01 16:27:03,,,true,Botswana,DefaultStore,
a8M3B000000Cel4UAC,false,BV,USD,00D3B0000008ukZUAQ,2017-03-01 16:27:03,0053B000000fTg9QAE,2017-03-01 16:27:03,0053B000000fTg9QAE,2017-03-01 16:27:03,,,true,Bouvet Island,DefaultStore,
a8M3B000000Cel5UAC,false,EC,USD,00D3B0000008ukZUAQ,2017-03-01 16:27:03,0053B000000fTg9QAE,2017-03-01 16:27:03,0053B000000fTg9QAE,2017-03-01 16:27:03,,,true,Ecuador,DefaultStore,
a8M3B000000Cel6UAC,false,EG,USD,00D3B0000008ukZUAQ,2017-03-01 16:27:03,0053B000000fTg9QAE,2017-03-01 16:27:03,0053B000000fTg9QAE,2017-03-01 16:27:03,,,true,Egypt,DefaultStore,
a8M3B000000Cel7UAC,false,SV,USD,00D3B0000008ukZUAQ,2017-03-01 16:27:03,0053B000000fTg9QAE,2017-03-01 16:27:03,0053B000000fTg9QAE,2017-03-01 16:27:03,,,true,El Salvador,DefaultStore,
a8M3B000000Cel8UAC,false,GQ,USD,00D3B0000008ukZUAQ,2017-03-01 16:27:03,0053B000000fTg9QAE,2017-03-01 16:27:03,0053B000000fTg9QAE,2017-03-01 16:27:03,,,true,Equatorial Guinea,DefaultStore,
a8M3B000000Cel9UAC,false,ER,USD,00D3B0000008ukZUAQ,2017-03-01 16:27:03,0053B000000fTg9QAE,2017-03-01 16:27:03,0053B000000fTg9QAE,2017-03-01 16:27:03,,,true,Eritrea,DefaultStore,
a8M3B000000CelAUAS,false,EE,USD,00D3B0000008ukZUAQ,2017-03-01 16:27:03,0053B000000fTg9QAE,2017-03-01 16:27:03,0053B000000fTg9QAE,2017-03-01 16:27:03,,,true,Estonia,DefaultStore,
a8M3B000000CelBUAS,false,ET,USD,00D3B0000008ukZUAQ,2017-03-01 16:27:03,0053B000000fTg9QAE,2017-03-01 16:27:03,0053B000000fTg9QAE,2017-03-01 16:27:03,,,true,Ethiopia,DefaultStore,
a8M3B000000CelCUAS,false,FK,USD,00D3B0000008ukZUAQ,2017-03-01 16:27:03,0053B000000fTg9QAE,2017-03-01 16:27:03,0053B000000fTg9QAE,2017-03-01 16:27:03,,,true,Falkland Islands (Malvinas),DefaultStore,
a8M3B000000CelDUAS,false,FO,USD,00D3B0000008ukZUAQ,2017-03-01 16:27:03,0053B000000fTg9QAE,2017-03-01 16:27:03,0053B000000fTg9QAE,2017-03-01 16:27:03,,,true,Faroe Islands,DefaultStore,
a8M3B000000CelEUAS,false,ME,USD,00D3B0000008ukZUAQ,2017-03-01 16:27:03,0053B000000fTg9QAE,2017-03-01 16:27:03,0053B000000fTg9QAE,2017-03-01 16:27:03,,,true,Montenegro,DefaultStore,
a8M3B000000CelFUAS,false,MS,USD,00D3B0000008ukZUAQ,2017-03-01 16:27:03,0053B000000fTg9QAE,2017-03-01 16:27:03,0053B000000fTg9QAE,2017-03-01 16:27:03,,,true,Montserrat,DefaultStore,
a8M3B000000CelGUAS,false,MA,USD,00D3B0000008ukZUAQ,2017-03-01 16:27:03,0053B000000fTg9QAE,2017-03-01 16:27:03,0053B000000fTg9QAE,2017-03-01 16:27:03,,,true,Morocco,DefaultStore,
a8M3B000000CelHUAS,false,MZ,USD,00D3B0000008ukZUAQ,2017-03-01 16:27:03,0053B000000fTg9QAE,2017-03-01 16:27:03,0053B000000fTg9QAE,2017-03-01 16:27:03,,,true,Mozambique,DefaultStore,
a8M3B000000CelIUAS,false,MM,USD,00D3B0000008ukZUAQ,2017-03-01 16:27:03,0053B000000fTg9QAE,2017-03-01 16:27:03,0053B000000fTg9QAE,2017-03-01 16:27:03,,,true,Myanmar,DefaultStore,
a8M3B000000CelJUAS,false,SR,USD,00D3B0000008ukZUAQ,2017-03-01 16:27:03,0053B000000fTg9QAE,2017-03-01 16:27:03,0053B000000fTg9QAE,2017-03-01 16:27:03,,,true,Suriname,DefaultStore,
a8M3B000000CelKUAS,false,SJ,USD,00D3B0000008ukZUAQ,2017-03-01 16:27:03,0053B000000fTg9QAE,2017-03-01 16:27:03,0053B000000fTg9QAE,2017-03-01 16:27:03,,,true,Svalbard And Jan Mayen,DefaultStore,
a8M3B000000CelLUAS,false,BR,USD,00D3B0000008ukZUAQ,2017-03-01 16:27:03,0053B000000fTg9QAE,2017-03-01 16:27:03,0053B000000fTg9QAE,2017-03-01 16:27:03,,,true,Brazil,DefaultStore,
a8M3B000000CelMUAS,false,IO,USD,00D3B0000008ukZUAQ,2017-03-01 16:27:03,0053B000000fTg9QAE,2017-03-01 16:27:03,0053B000000fTg9QAE,2017-03-01 16:27:03,,,true,British Indian Ocean Territory,DefaultStore,
a8M3B000000CelNUAS,false,BN,USD,00D3B0000008ukZUAQ,2017-03-01 16:27:03,0053B000000fTg9QAE,2017-03-01 16:27:03,0053B000000fTg9QAE,2017-03-01 16:27:03,,,true,Brunei Darussalam,DefaultStore,
a8M3B000000CelOUAS,false,BG,USD,00D3B0000008ukZUAQ,2017-03-01 16:27:03,0053B000000fTg9QAE,2017-03-01 16:27:03,0053B000000fTg9QAE,2017-03-01 16:27:03,,,true,Bulgaria,DefaultStore,
a8M3B000000CelPUAS,false,BF,USD,00D3B0000008ukZUAQ,2017-03-01 16:27:03,0053B000000fTg9QAE,2017-03-01 16:27:03,0053B000000fTg9QAE,2017-03-01 16:27:03,,,true,Burkina Faso,DefaultStore,
a8M3B000000CelQUAS,false,BI,USD,00D3B0000008ukZUAQ,2017-03-01 16:27:03,0053B000000fTg9QAE,2017-03-01 16:27:03,0053B000000fTg9QAE,2017-03-01 16:27:03,,,true,Burundi,DefaultStore,
a8M3B000000CelRUAS,false,KH,USD,00D3B0000008ukZUAQ,2017-03-01 16:27:03,0053B000000fTg9QAE,2017-03-01 16:27:03,0053B000000fTg9QAE,2017-03-01 16:27:03,,,true,Cambodia,DefaultStore,
a8M3B000000CelSUAS,false,GT,USD,00D3B0000008ukZUAQ,2017-03-01 16:27:03,0053B000000fTg9QAE,2017-03-01 16:27:03,0053B000000fTg9QAE,2017-03-01 16:27:03,,,true,Guatemala,DefaultStore,
a8M3B000000CelTUAS,false,GG,USD,00D3B0000008ukZUAQ,2017-03-01 16:27:03,0053B000000fTg9QAE,2017-03-01 16:27:03,0053B000000fTg9QAE,2017-03-01 16:27:03,,,true,Guernsey,DefaultStore,
a8M3B000000CelUUAS,false,GN,USD,00D3B0000008ukZUAQ,2017-03-01 16:27:03,0053B000000fTg9QAE,2017-03-01 16:27:03,0053B000000fTg9QAE,2017-03-01 16:27:03,,,true,Guinea,DefaultStore,
a8M3B000000CelVUAS,false,GW,USD,00D3B0000008ukZUAQ,2017-03-01 16:27:03,0053B000000fTg9QAE,2017-03-01 16:27:03,0053B000000fTg9QAE,2017-03-01 16:27:03,,,true,Guinea-Bissau,DefaultStore,
a8M3B000000CelWUAS,false,GY,USD,00D3B0000008ukZUAQ,2017-03-01 16:27:03,0053B000000fTg9QAE,2017-03-01 16:27:03,0053B000000fTg9QAE,2017-03-01 16:27:03,,,true,Guyana,DefaultStore,
a8M3B000000CelXUAS,false,HT,USD,00D3B0000008ukZUAQ,2017-03-01 16:27:03,0053B000000fTg9QAE,2017-03-01 16:27:03,0053B000000fTg9QAE,2017-03-01 16:27:03,,,true,Haiti,DefaultStore,
a8M3B000000CelYUAS,false,HM,USD,00D3B0000008ukZUAQ,2017-03-01 16:27:03,0053B000000fTg9QAE,2017-03-01 16:27:03,0053B000000fTg9QAE,2017-03-01 16:27:03,,,true,Heard Island And Mcdonald Islands,DefaultStore,
a8M3B000000CelZUAS,false,VA,USD,00D3B0000008ukZUAQ,2017-03-01 16:27:03,0053B000000fTg9QAE,2017-03-01 16:27:03,0053B000000fTg9QAE,2017-03-01 16:27:03,,,true,Holy See (Vatican City State),DefaultStore,
a8M3B000000CelaUAC,false,HN,USD,00D3B0000008ukZUAQ,2017-03-01 16:27:03,0053B000000fTg9QAE,2017-03-01 16:27:03,0053B000000fTg9QAE,2017-03-01 16:27:03,,,true,Honduras,DefaultStore,
a8M3B000000CelbUAC,false,CM,USD,00D3B0000008ukZUAQ,2017-03-01 16:27:03,0053B000000fTg9QAE,2017-03-01 16:27:03,0053B000000fTg9QAE,2017-03-01 16:27:03,,,true,Cameroon,DefaultStore,
a8M3B000000CelcUAC,false,CA,USD,00D3B0000008ukZUAQ,2017-03-01 16:27:03,0053B000000fTg9QAE,2017-03-01 16:27:03,0053B000000fTg9QAE,2017-03-01 16:27:03,,,true,Canada,DefaultStore,
a8M3B000000CeldUAC,false,CV,USD,00D3B0000008ukZUAQ,2017-03-01 16:27:03,0053B000000fTg9QAE,2017-03-01 16:27:03,0053B000000fTg9QAE,2017-03-01 16:27:03,,,true,Cape Verde,DefaultStore,
a8M3B000000CeleUAC,false,KY,USD,00D3B0000008ukZUAQ,2017-03-01 16:27:03,0053B000000fTg9QAE,2017-03-01 16:27:03,0053B000000fTg9QAE,2017-03-01 16:27:03,,,true,Cayman Islands,DefaultStore,
a8M3B000000CelfUAC,false,CF,USD,00D3B0000008ukZUAQ,2017-03-01 16:27:03,0053B000000fTg9QAE,2017-03-01 16:27:03,0053B000000fTg9QAE,2017-03-01 16:27:03,,,true,Central African Republic,DefaultStore,
a8M3B000000CelgUAC,false,HK,USD,00D3B0000008ukZUAQ,2017-03-01 16:27:03,0053B000000fTg9QAE,2017-03-01 16:27:03,0053B000000fTg9QAE,2017-03-01 16:27:03,,,true,Hong Kong,DefaultStore,
a8M3B000000CelhUAC,false,SZ,USD,00D3B0000008ukZUAQ,2017-03-01 16:27:03,0053B000000fTg9QAE,2017-03-01 16:27:03,0053B000000fTg9QAE,2017-03-01 16:27:03,,,true,Swaziland,DefaultStore,
a8M3B000000CeliUAC,false,SE,USD,00D3B0000008ukZUAQ,2017-03-01 16:27:03,0053B000000fTg9QAE,2017-03-01 16:27:03,0053B000000fTg9QAE,2017-03-01 16:27:03,,,true,Sweden,DefaultStore,
a8M3B000000CeljUAC,false,CH,USD,00D3B0000008ukZUAQ,2017-03-01 16:27:03,0053B000000fTg9QAE,2017-03-01 16:27:03,0053B000000fTg9QAE,2017-03-01 16:27:03,,,true,Switzerland,DefaultStore,
a8M3B000000CelkUAC,false,SY,USD,00D3B0000008ukZUAQ,2017-03-01 16:27:03,0053B000000fTg9QAE,2017-03-01 16:27:03,0053B000000fTg9QAE,2017-03-01 16:27:03,,,true,Syrian Arab Republic,DefaultStore,
a8M3B000000CellUAC,false,AF,USD,00D3B0000008ukZUAQ,2017-03-01 16:27:03,0053B000000fTg9QAE,2017-03-01 16:27:03,0053B000000fTg9QAE,2017-03-01 16:27:03,,,true,Afghanistan,DefaultStore,
a8M3B000000CelmUAC,false,AX,USD,00D3B0000008ukZUAQ,2017-03-01 16:27:03,0053B000000fTg9QAE,2017-03-01 16:27:03,0053B000000fTg9QAE,2017-03-01 16:27:03,,,true,Aland Islands,DefaultStore,
a8M3B000000CelnUAC,false,AL,USD,00D3B0000008ukZUAQ,2017-03-01 16:27:03,0053B000000fTg9QAE,2017-03-01 16:27:03,0053B000000fTg9QAE,2017-03-01 16:27:03,,,true,Albania,DefaultStore,
a8M3B000000CeloUAC,false,DZ,USD,00D3B0000008ukZUAQ,2017-03-01 16:27:03,0053B000000fTg9QAE,2017-03-01 16:27:03,0053B000000fTg9QAE,2017-03-01 16:27:03,,,true,Algeria,DefaultStore,
a8M3B000000CelpUAC,false,AS,USD,00D3B0000008ukZUAQ,2017-03-01 16:27:03,0053B000000fTg9QAE,2017-03-01 16:27:03,0053B000000fTg9QAE,2017-03-01 16:27:03,,,true,American Samoa,DefaultStore,
a8M3B000000CelqUAC,false,HU,USD,00D3B0000008ukZUAQ,2017-03-01 16:27:03,0053B000000fTg9QAE,2017-03-01 16:27:03,0053B000000fTg9QAE,2017-03-01 16:27:03,,,true,Hungary,DefaultStore,
a8M3B000000CelrUAC,false,IS,USD,00D3B0000008ukZUAQ,2017-03-01 16:27:03,0053B000000fTg9QAE,2017-03-01 16:27:03,0053B000000fTg9QAE,2017-03-01 16:27:03,,,true,Iceland,DefaultStore,
a8M3B000000CelsUAC,false,IN,USD,00D3B0000008ukZUAQ,2017-03-01 16:27:03,0053B000000fTg9QAE,2017-03-01 16:27:03,0053B000000fTg9QAE,2017-03-01 16:27:03,,,true,India,DefaultStore,
a8M3B000000CeltUAC,false,ID,USD,00D3B0000008ukZUAQ,2017-03-01 16:27:03,0053B000000fTg9QAE,2017-03-01 16:27:03,0053B000000fTg9QAE,2017-03-01 16:27:03,,,true,Indonesia,DefaultStore,
a8M3B000000CeluUAC,false,IR,USD,00D3B0000008ukZUAQ,2017-03-01 16:27:03,0053B000000fTg9QAE,2017-03-01 16:27:03,0053B000000fTg9QAE,2017-03-01 16:27:03,,,true,"Iran, Islamic Republic Of",DefaultStore,
a8M3B000000CelvUAC,false,IQ,USD,00D3B0000008ukZUAQ,2017-03-01 16:27:03,0053B000000fTg9QAE,2017-03-01 16:27:03,0053B000000fTg9QAE,2017-03-01 16:27:03,,,true,Iraq,DefaultStore,
a8M3B000000CelwUAC,false,IE,USD,00D3B0000008ukZUAQ,2017-03-01 16:27:03,0053B000000fTg9QAE,2017-03-01 16:27:03,0053B000000fTg9QAE,2017-03-01 16:27:03,,,true,Ireland,DefaultStore,
a8M3B000000CelxUAC,false,IM,USD,00D3B0000008ukZUAQ,2017-03-01 16:27:03,0053B000000fTg9QAE,2017-03-01 16:27:03,0053B000000fTg9QAE,2017-03-01 16:27:03,,,true,Isle Of Man,DefaultStore,
a8M3B000000CelyUAC,false,TW,USD,00D3B0000008ukZUAQ,2017-03-01 16:27:03,0053B000000fTg9QAE,2017-03-01 16:27:03,0053B000000fTg9QAE,2017-03-01 16:27:03,,,true,"Taiwan, Province Of China",DefaultStore,
a8M3B000000CelzUAC,false,TJ,USD,00D3B0000008ukZUAQ,2017-03-01 16:27:03,0053B000000fTg9QAE,2017-03-01 16:27:03,0053B000000fTg9QAE,2017-03-01 16:27:03,,,true,Tajikistan,DefaultStore,
a8M3B000000Cem0UAC,false,TZ,USD,00D3B0000008ukZUAQ,2017-03-01 16:27:03,0053B000000fTg9QAE,2017-03-01 16:27:03,0053B000000fTg9QAE,2017-03-01 16:27:03,,,true,"Tanzania, United Republic Of",DefaultStore,
a8M3B000000Cem1UAC,false,TH,USD,00D3B0000008ukZUAQ,2017-03-01 16:27:03,0053B000000fTg9QAE,2017-03-01 16:27:03,0053B000000fTg9QAE,2017-03-01 16:27:03,,,true,Thailand,DefaultStore,
a8M3B000000Cem2UAC,false,TL,USD,00D3B0000008ukZUAQ,2017-03-01 16:27:03,0053B000000fTg9QAE,2017-03-01 16:27:03,0053B000000fTg9QAE,2017-03-01 16:27:03,,,true,Timor-Leste,DefaultStore,
a8M3B000000Cem3UAC,false,TG,USD,00D3B0000008ukZUAQ,2017-03-01 16:27:03,0053B000000fTg9QAE,2017-03-01 16:27:03,0053B000000fTg9QAE,2017-03-01 16:27:03,,,true,Togo,DefaultStore,
a8M3B000000Cem4UAC,false,TK,USD,00D3B0000008ukZUAQ,2017-03-01 16:27:03,0053B000000fTg9QAE,2017-03-01 16:27:03,0053B000000fTg9QAE,2017-03-01 16:27:03,,,true,Tokelau,DefaultStore,
a8M3B000000Cem5UAC,false,TO,USD,00D3B0000008ukZUAQ,2017-03-01 16:27:03,0053B000000fTg9QAE,2017-03-01 16:27:03,0053B000000fTg9QAE,2017-03-01 16:27:03,,,true,Tonga,DefaultStore,
a8M3B000000Cem6UAC,false,TT,USD,00D3B0000008ukZUAQ,2017-03-01 16:27:03,0053B000000fTg9QAE,2017-03-01 16:27:03,0053B000000fTg9QAE,2017-03-01 16:27:03,,,true,Trinidad And Tobago,DefaultStore,
a8M3B000000Cem7UAC,false,AD,USD,00D3B0000008ukZUAQ,2017-03-01 16:27:03,0053B000000fTg9QAE,2017-03-01 16:27:03,0053B000000fTg9QAE,2017-03-01 16:27:03,,,true,Andorra,DefaultStore,
a8M3B000000Cem8UAC,false,AO,USD,00D3B0000008ukZUAQ,2017-03-01 16:27:03,0053B000000fTg9QAE,2017-03-01 16:27:03,0053B000000fTg9QAE,2017-03-01 16:27:03,,,true,Angola,DefaultStore,
a8M3B000000Cem9UAC,false,AI,USD,00D3B0000008ukZUAQ,2017-03-01 16:27:03,0053B000000fTg9QAE,2017-03-01 16:27:03,0053B000000fTg9QAE,2017-03-01 16:27:03,,,true,Anguilla,DefaultStore,
a8M3B000000CemAUAS,false,AQ,USD,00D3B0000008ukZUAQ,2017-03-01 16:27:03,0053B000000fTg9QAE,2017-03-01 16:27:03,0053B000000fTg9QAE,2017-03-01 16:27:03,,,true,Antarctica,DefaultStore,
a8M3B000000CemBUAS,false,IL,USD,00D3B0000008ukZUAQ,2017-03-01 16:27:03,0053B000000fTg9QAE,2017-03-01 16:27:03,0053B000000fTg9QAE,2017-03-01 16:27:03,,,true,Israel,DefaultStore,
a8M3B000000CemCUAS,false,IT,USD,00D3B0000008ukZUAQ,2017-03-01 16:27:03,0053B000000fTg9QAE,2017-03-01 16:27:03,0053B000000fTg9QAE,2017-03-01 16:27:03,,,true,Italy,DefaultStore,
a8M3B000000CemDUAS,false,JM,USD,00D3B0000008ukZUAQ,2017-03-01 16:27:03,0053B000000fTg9QAE,2017-03-01 16:27:03,0053B000000fTg9QAE,2017-03-01 16:27:03,,,true,Jamaica,DefaultStore,
a8M3B000000CemEUAS,false,JP,USD,00D3B0000008ukZUAQ,2017-03-01 16:27:03,0053B000000fTg9QAE,2017-03-01 16:27:03,0053B000000fTg9QAE,2017-03-01 16:27:03,,,true,Japan,DefaultStore,
a8M3B000000CemFUAS,false,JE,USD,00D3B0000008ukZUAQ,2017-03-01 16:27:03,0053B000000fTg9QAE,2017-03-01 16:27:03,0053B000000fTg9QAE,2017-03-01 16:27:03,,,true,Jersey,DefaultStore,
a8M3B000000CemGUAS,false,JO,USD,00D3B0000008ukZUAQ,2017-03-01 16:27:03,0053B000000fTg9QAE,2017-03-01 16:27:03,0053B000000fTg9QAE,2017-03-01 16:27:03,,,true,Jordan,DefaultStore,
a8M3B000000CemHUAS,false,KZ,USD,00D3B0000008ukZUAQ,2017-03-01 16:27:03,0053B000000fTg9QAE,2017-03-01 16:27:03,0053B000000fTg9QAE,2017-03-01 16:27:03,,,true,Kazakhstan,DefaultStore,
a8M3B000000CemIUAS,false,KE,USD,00D3B0000008ukZUAQ,2017-03-01 16:27:03,0053B000000fTg9QAE,2017-03-01 16:27:03,0053B000000fTg9QAE,2017-03-01 16:27:03,,,true,Kenya,DefaultStore,
a8M3B000000CemJUAS,false,KI,USD,00D3B0000008ukZUAQ,2017-03-01 16:27:03,0053B000000fTg9QAE,2017-03-01 16:27:03,0053B000000fTg9QAE,2017-03-01 16:27:03,,,true,Kiribati,DefaultStore,
a8M3B000000CemKUAS,false,KP,USD,00D3B0000008ukZUAQ,2017-03-01 16:27:03,0053B000000fTg9QAE,2017-03-01 16:27:03,0053B000000fTg9QAE,2017-03-01 16:27:03,,,true,"Korea, Democratic People's Republic Of",DefaultStore,
a8M3B000000CemLUAS,false,TN,USD,00D3B0000008ukZUAQ,2017-03-01 16:27:03,0053B000000fTg9QAE,2017-03-01 16:27:03,0053B000000fTg9QAE,2017-03-01 16:27:03,,,true,Tunisia,DefaultStore,
a8M3B000000CemMUAS,false,TR,USD,00D3B0000008ukZUAQ,2017-03-01 16:27:03,0053B000000fTg9QAE,2017-03-01 16:27:03,0053B000000fTg9QAE,2017-03-01 16:27:03,,,true,Turkey,DefaultStore,
a8M3B000000CemNUAS,false,TM,USD,00D3B0000008ukZUAQ,2017-03-01 16:27:03,0053B000000fTg9QAE,2017-03-01 16:27:03,0053B000000fTg9QAE,2017-03-01 16:27:03,,,true,Turkmenistan,DefaultStore,
a8M3B000000CemOUAS,false,TC,USD,00D3B0000008ukZUAQ,2017-03-01 16:27:03,0053B000000fTg9QAE,2017-03-01 16:27:03,0053B000000fTg9QAE,2017-03-01 16:27:03,,,true,Turks And Caicos Islands,DefaultStore,
a8M3B000000CemPUAS,false,TV,USD,00D3B0000008ukZUAQ,2017-03-01 16:27:03,0053B000000fTg9QAE,2017-03-01 16:27:03,0053B000000fTg9QAE,2017-03-01 16:27:03,,,true,Tuvalu,DefaultStore,
a8M3B000000CengUAC,false,MU,USD,00D3B0000008ukZUAQ,2017-03-01 16:27:03,0053B000000fTg9QAE,2017-03-01 16:27:03,0053B000000fTg9QAE,2017-03-01 16:27:03,,,true,Mauritius,DefaultStore,
a8M3B000000CenhUAC,false,YT,USD,00D3B0000008ukZUAQ,2017-03-01 16:27:03,0053B000000fTg9QAE,2017-03-01 16:27:03,0053B000000fTg9QAE,2017-03-01 16:27:03,,,true,Mayotte,DefaultStore,
a8M3B000000CeniUAC,false,MX,USD,00D3B0000008ukZUAQ,2017-03-01 16:27:03,0053B000000fTg9QAE,2017-03-01 16:27:03,0053B000000fTg9QAE,2017-03-01 16:27:03,,,true,Mexico,DefaultStore,
a8M3B000000CenjUAC,false,FM,USD,00D3B0000008ukZUAQ,2017-03-01 16:27:03,0053B000000fTg9QAE,2017-03-01 16:27:03,0053B000000fTg9QAE,2017-03-01 16:27:03,,,true,"Micronesia, Federated States Of",DefaultStore,
a8M3B000000CenkUAC,false,MD,USD,00D3B0000008ukZUAQ,2017-03-01 16:27:03,0053B000000fTg9QAE,2017-03-01 16:27:03,0053B000000fTg9QAE,2017-03-01 16:27:03,,,true,"Moldova, Republic Of",DefaultStore,
a8M3B000000CenlUAC,false,PE,USD,00D3B0000008ukZUAQ,2017-03-01 16:27:03,0053B000000fTg9QAE,2017-03-01 16:27:03,0053B000000fTg9QAE,2017-03-01 16:27:03,,,true,Peru,DefaultStore,
a8M3B000000CenmUAC,false,PH,USD,00D3B0000008ukZUAQ,2017-03-01 16:27:03,0053B000000fTg9QAE,2017-03-01 16:27:03,0053B000000fTg9QAE,2017-03-01 16:27:03,,,true,Philippines,DefaultStore,
a8M3B000000CennUAC,false,PN,USD,00D3B0000008ukZUAQ,2017-03-01 16:27:03,0053B000000fTg9QAE,2017-03-01 16:27:03,0053B000000fTg9QAE,2017-03-01 16:27:03,,,true,Pitcairn,DefaultStore,
a8M3B000000CenoUAC,false,PL,USD,00D3B0000008ukZUAQ,2017-03-01 16:27:03,0053B000000fTg9QAE,2017-03-01 16:27:03,0053B000000fTg9QAE,2017-03-01 16:27:03,,,true,Poland,DefaultStore,
a8M3B000000CenpUAC,false,PT,USD,00D3B0000008ukZUAQ,2017-03-01 16:27:03,0053B000000fTg9QAE,2017-03-01 16:27:03,0053B000000fTg9QAE,2017-03-01 16:27:03,,,true,Portugal,DefaultStore,
a8M3B000000CeoGUAS,false,CO,USD,00D3B0000008ukZUAQ,2017-03-01 16:27:05,0053B000000fTg9QAE,2017-03-01 16:27:05,0053B000000fTg9QAE,2017-03-01 16:27:05,,,true,Colombia,DefaultStore,
a8M3B000000CeoHUAS,false,KM,USD,00D3B0000008ukZUAQ,2017-03-01 16:27:05,0053B000000fTg9QAE,2017-03-01 16:27:05,0053B000000fTg9QAE,2017-03-01 16:27:05,,,true,Comoros,DefaultStore,
a8M3B000000CeoIUAS,false,CG,USD,00D3B0000008ukZUAQ,2017-03-01 16:27:05,0053B000000fTg9QAE,2017-03-01 16:27:05,0053B000000fTg9QAE,2017-03-01 16:27:05,,,true,Congo,DefaultStore,
a8M3B000000CeoJUAS,false,CD,USD,00D3B0000008ukZUAQ,2017-03-01 16:27:05,0053B000000fTg9QAE,2017-03-01 16:27:05,0053B000000fTg9QAE,2017-03-01 16:27:05,,,true,"Congo, The Democratic Republic Of The",DefaultStore,
a8M3B000000CeoKUAS,false,CK,USD,00D3B0000008ukZUAQ,2017-03-01 16:27:05,0053B000000fTg9QAE,2017-03-01 16:27:05,0053B000000fTg9QAE,2017-03-01 16:27:05,,,true,Cook Islands,DefaultStore,
a8M3B000000CeoLUAS,false,CR,USD,00D3B0000008ukZUAQ,2017-03-01 16:27:05,0053B000000fTg9QAE,2017-03-01 16:27:05,0053B000000fTg9QAE,2017-03-01 16:27:05,,,true,Costa Rica,DefaultStore,
a8M3B000000CeoMUAS,false,CI,USD,00D3B0000008ukZUAQ,2017-03-01 16:27:05,0053B000000fTg9QAE,2017-03-01 16:27:05,0053B000000fTg9QAE,2017-03-01 16:27:05,,,true,Cïte D'ivoire,DefaultStore,
a8M3B000000CeoNUAS,false,HR,USD,00D3B0000008ukZUAQ,2017-03-01 16:27:05,0053B000000fTg9QAE,2017-03-01 16:27:05,0053B000000fTg9QAE,2017-03-01 16:27:05,,,true,Croatia,DefaultStore,
a8M3B000000CeoOUAS,false,AG,USD,00D3B0000008ukZUAQ,2017-03-01 16:27:05,0053B000000fTg9QAE,2017-03-01 16:27:05,0053B000000fTg9QAE,2017-03-01 16:27:05,,,true,Antigua And Barbuda,DefaultStore,
a8M3B000000CeoPUAS,false,AR,USD,00D3B0000008ukZUAQ,2017-03-01 16:27:05,0053B000000fTg9QAE,2017-03-01 16:27:05,0053B000000fTg9QAE,2017-03-01 16:27:05,,,true,Argentina,DefaultStore,
a8M3B000000CenMUAS,false,GR,USD,00D3B0000008ukZUAQ,2017-03-01 16:27:03,0053B000000fTg9QAE,2017-03-01 16:27:03,0053B000000fTg9QAE,2017-03-01 16:27:03,,,true,Greece,DefaultStore,
a8M3B000000CenNUAS,false,GL,USD,00D3B0000008ukZUAQ,2017-03-01 16:27:03,0053B000000fTg9QAE,2017-03-01 16:27:03,0053B000000fTg9QAE,2017-03-01 16:27:03,,,true,Greenland,DefaultStore,
a8M3B000000CenOUAS,false,GD,USD,00D3B0000008ukZUAQ,2017-03-01 16:27:03,0053B000000fTg9QAE,2017-03-01 16:27:03,0053B000000fTg9QAE,2017-03-01 16:27:03,,,true,Grenada,DefaultStore,
a8M3B000000CenPUAS,false,GP,USD,00D3B0000008ukZUAQ,2017-03-01 16:27:03,0053B000000fTg9QAE,2017-03-01 16:27:03,0053B000000fTg9QAE,2017-03-01 16:27:03,,,true,Guadeloupe,DefaultStore,
a8M3B000000CenQUAS,false,GU,USD,00D3B0000008ukZUAQ,2017-03-01 16:27:03,0053B000000fTg9QAE,2017-03-01 16:27:03,0053B000000fTg9QAE,2017-03-01 16:27:03,,,true,Guam,DefaultStore,
a8M3B000000CenRUAS,false,MW,USD,00D3B0000008ukZUAQ,2017-03-01 16:27:03,0053B000000fTg9QAE,2017-03-01 16:27:03,0053B000000fTg9QAE,2017-03-01 16:27:03,,,true,Malawi,DefaultStore,
a8M3B000000CenSUAS,false,MY,USD,00D3B0000008ukZUAQ,2017-03-01 16:27:03,0053B000000fTg9QAE,2017-03-01 16:27:03,0053B000000fTg9QAE,2017-03-01 16:27:03,,,true,Malaysia,DefaultStore,
a8M3B000000CenTUAS,false,MV,USD,00D3B0000008ukZUAQ,2017-03-01 16:27:03,0053B000000fTg9QAE,2017-03-01 16:27:03,0053B000000fTg9QAE,2017-03-01 16:27:03,,,true,Maldives,DefaultStore,
a8M3B000000CenUUAS,false,ML,USD,00D3B0000008ukZUAQ,2017-03-01 16:27:03,0053B000000fTg9QAE,2017-03-01 16:27:03,0053B000000fTg9QAE,2017-03-01 16:27:03,,,true,Mali,DefaultStore,
a8M3B000000CenVUAS,false,MT,USD,00D3B0000008ukZUAQ,2017-03-01 16:27:03,0053B000000fTg9QAE,2017-03-01 16:27:03,0053B000000fTg9QAE,2017-03-01 16:27:03,,,true,Malta,DefaultStore,
a8M3B000000Cen2UAC,false,MK,USD,00D3B0000008ukZUAQ,2017-03-01 16:27:03,0053B000000fTg9QAE,2017-03-01 16:27:03,0053B000000fTg9QAE,2017-03-01 16:27:03,,,true,"Macedonia, The Former Yugoslav Republic Of",DefaultStore,
a8M3B000000Cen3UAC,false,MG,USD,00D3B0000008ukZUAQ,2017-03-01 16:27:03,0053B000000fTg9QAE,2017-03-01 16:27:03,0053B000000fTg9QAE,2017-03-01 16:27:03,,,true,Madagascar,DefaultStore,
a8M3B000000Cen4UAC,false,NE,USD,00D3B0000008ukZUAQ,2017-03-01 16:27:03,0053B000000fTg9QAE,2017-03-01 16:27:03,0053B000000fTg9QAE,2017-03-01 16:27:03,,,true,Niger,DefaultStore,
a8M3B000000Cen5UAC,false,NG,USD,00D3B0000008ukZUAQ,2017-03-01 16:27:03,0053B000000fTg9QAE,2017-03-01 16:27:03,0053B000000fTg9QAE,2017-03-01 16:27:03,,,true,Nigeria,DefaultStore,
a8M3B000000Cen6UAC,false,NU,USD,00D3B0000008ukZUAQ,2017-03-01 16:27:03,0053B000000fTg9QAE,2017-03-01 16:27:03,0053B000000fTg9QAE,2017-03-01 16:27:03,,,true,Niue,DefaultStore,
a8M3B000000Cen7UAC,false,NF,USD,00D3B0000008ukZUAQ,2017-03-01 16:27:03,0053B000000fTg9QAE,2017-03-01 16:27:03,0053B000000fTg9QAE,2017-03-01 16:27:03,,,true,Norfolk Island,DefaultStore,
a8M3B000000Cen8UAC,false,MP,USD,00D3B0000008ukZUAQ,2017-03-01 16:27:03,0053B000000fTg9QAE,2017-03-01 16:27:03,0053B000000fTg9QAE,2017-03-01 16:27:03,,,true,Northern Mariana Islands,DefaultStore,
a8M3B000000Cen9UAC,false,NO,USD,00D3B0000008ukZUAQ,2017-03-01 16:27:03,0053B000000fTg9QAE,2017-03-01 16:27:03,0053B000000fTg9QAE,2017-03-01 16:27:03,,,true,Norway,DefaultStore,
a8M3B000000CenAUAS,false,OM,USD,00D3B0000008ukZUAQ,2017-03-01 16:27:03,0053B000000fTg9QAE,2017-03-01 16:27:03,0053B000000fTg9QAE,2017-03-01 16:27:03,,,true,Oman,DefaultStore,
a8M3B000000CenBUAS,false,PK,USD,00D3B0000008ukZUAQ,2017-03-01 16:27:03,0053B000000fTg9QAE,2017-03-01 16:27:03,0053B000000fTg9QAE,2017-03-01 16:27:03,,,true,Pakistan,DefaultStore,
a8M3B000000CenqUAC,false,PR,USD,00D3B0000008ukZUAQ,2017-03-01 16:27:03,0053B000000fTg9QAE,2017-03-01 16:27:03,0053B000000fTg9QAE,2017-03-01 16:27:03,,,true,Puerto Rico,DefaultStore,
a8M3B000000CenrUAC,false,QA,USD,00D3B0000008ukZUAQ,2017-03-01 16:27:03,0053B000000fTg9QAE,2017-03-01 16:27:03,0053B000000fTg9QAE,2017-03-01 16:27:03,,,true,Qatar,DefaultStore,
a8M3B000000CensUAC,false,RE,USD,00D3B0000008ukZUAQ,2017-03-01 16:27:03,0053B000000fTg9QAE,2017-03-01 16:27:03,0053B000000fTg9QAE,2017-03-01 16:27:03,,,true,Runion,DefaultStore,
a8M3B000000CentUAC,false,RO,USD,00D3B0000008ukZUAQ,2017-03-01 16:27:03,0053B000000fTg9QAE,2017-03-01 16:27:03,0053B000000fTg9QAE,2017-03-01 16:27:03,,,true,Romania,DefaultStore,
a8M3B000000CenuUAC,false,MC,USD,00D3B0000008ukZUAQ,2017-03-01 16:27:03,0053B000000fTg9QAE,2017-03-01 16:27:03,0053B000000fTg9QAE,2017-03-01 16:27:03,,,true,Monaco,DefaultStore,
a8M3B000000CenvUAC,false,MN,USD,00D3B0000008ukZUAQ,2017-03-01 16:27:03,0053B000000fTg9QAE,2017-03-01 16:27:03,0053B000000fTg9QAE,2017-03-01 16:27:03,,,true,Mongolia,DefaultStore,
a8M3B000000CenwUAC,false,RU,USD,00D3B0000008ukZUAQ,2017-03-01 16:27:03,0053B000000fTg9QAE,2017-03-01 16:27:03,0053B000000fTg9QAE,2017-03-01 16:27:03,,,true,Russian Federation,DefaultStore,
a8M3B000000CenxUAC,false,RW,USD,00D3B0000008ukZUAQ,2017-03-01 16:27:03,0053B000000fTg9QAE,2017-03-01 16:27:03,0053B000000fTg9QAE,2017-03-01 16:27:03,,,true,Rwanda,DefaultStore,
a8M3B000000CenyUAC,false,BL,USD,00D3B0000008ukZUAQ,2017-03-01 16:27:03,0053B000000fTg9QAE,2017-03-01 16:27:03,0053B000000fTg9QAE,2017-03-01 16:27:03,,,true,Saint Barthlemy,DefaultStore,
a8M3B000000CeoQUAS,false,SC,USD,00D3B0000008ukZUAQ,2017-03-01 16:27:05,0053B000000fTg9QAE,2017-03-01 16:27:05,0053B000000fTg9QAE,2017-03-01 16:27:05,,,true,Seychelles,DefaultStore,
a8M3B000000CeoRUAS,false,SL,USD,00D3B0000008ukZUAQ,2017-03-01 16:27:05,0053B000000fTg9QAE,2017-03-01 16:27:05,0053B000000fTg9QAE,2017-03-01 16:27:05,,,true,Sierra Leone,DefaultStore,
a8M3B000000CeoSUAS,false,SG,USD,00D3B0000008ukZUAQ,2017-03-01 16:27:05,0053B000000fTg9QAE,2017-03-01 16:27:05,0053B000000fTg9QAE,2017-03-01 16:27:05,,,true,Singapore,DefaultStore,
a8M3B000000CeoTUAS,false,SX,USD,00D3B0000008ukZUAQ,2017-03-01 16:27:05,0053B000000fTg9QAE,2017-03-01 16:27:05,0053B000000fTg9QAE,2017-03-01 16:27:05,,,true,Sint Maarten (Dutch Part),DefaultStore,
a8M3B000000CeoUUAS,false,SK,USD,00D3B0000008ukZUAQ,2017-03-01 16:27:05,0053B000000fTg9QAE,2017-03-01 16:27:05,0053B000000fTg9QAE,2017-03-01 16:27:05,,,true,Slovakia,DefaultStore,
a8M3B000000CeoVUAS,false,SI,USD,00D3B0000008ukZUAQ,2017-03-01 16:27:05,0053B000000fTg9QAE,2017-03-01 16:27:05,0053B000000fTg9QAE,2017-03-01 16:27:05,,,true,Slovenia,DefaultStore,
a8M3B000000CeoWUAS,false,SB,USD,00D3B0000008ukZUAQ,2017-03-01 16:27:05,0053B000000fTg9QAE,2017-03-01 16:27:05,0053B000000fTg9QAE,2017-03-01 16:27:05,,,true,Solomon Islands,DefaultStore,
a8M3B000000CeoXUAS,false,SO,USD,00D3B0000008ukZUAQ,2017-03-01 16:27:05,0053B000000fTg9QAE,2017-03-01 16:27:05,0053B000000fTg9QAE,2017-03-01 16:27:05,,,true,Somalia,DefaultStore,
a8M3B000000CeoYUAS,false,ZA,USD,00D3B0000008ukZUAQ,2017-03-01 16:27:05,0053B000000fTg9QAE,2017-03-01 16:27:05,0053B000000fTg9QAE,2017-03-01 16:27:05,,,true,South Africa,DefaultStore,
a8M3B000000CeoZUAS,false,GS,USD,00D3B0000008ukZUAQ,2017-03-01 16:27:05,0053B000000fTg9QAE,2017-03-01 16:27:05,0053B000000fTg9QAE,2017-03-01 16:27:05,,,true,South Georgia And The South Sandwich Islands,DefaultStore,
a8M3B000000CeoaUAC,false,SS,USD,00D3B0000008ukZUAQ,2017-03-01 16:27:05,0053B000000fTg9QAE,2017-03-01 16:27:05,0053B000000fTg9QAE,2017-03-01 16:27:05,,,true,South Sudan,DefaultStore,
a8M3B000000CeobUAC,false,ES,USD,00D3B0000008ukZUAQ,2017-03-01 16:27:05,0053B000000fTg9QAE,2017-03-01 16:27:05,0053B000000fTg9QAE,2017-03-01 16:27:05,,,true,Spain,DefaultStore,
a8M3B000000CeocUAC,false,LK,USD,00D3B0000008ukZUAQ,2017-03-01 16:27:05,0053B000000fTg9QAE,2017-03-01 16:27:05,0053B000000fTg9QAE,2017-03-01 16:27:05,,,true,Sri Lanka,DefaultStore,
a8M3B000000CeodUAC,false,SD,USD,00D3B0000008ukZUAQ,2017-03-01 16:27:05,0053B000000fTg9QAE,2017-03-01 16:27:05,0053B000000fTg9QAE,2017-03-01 16:27:05,,,true,Sudan,DefaultStore,
a8M3B000000CeoeUAC,false,AM,USD,00D3B0000008ukZUAQ,2017-03-01 16:27:05,0053B000000fTg9QAE,2017-03-01 16:27:05,0053B000000fTg9QAE,2017-03-01 16:27:05,,,true,Armenia,DefaultStore,
a8M3B000000CeofUAC,false,AW,USD,00D3B0000008ukZUAQ,2017-03-01 16:27:05,0053B000000fTg9QAE,2017-03-01 16:27:05,0053B000000fTg9QAE,2017-03-01 16:27:05,,,true,Aruba,DefaultStore,
a8M3B000000CeogUAC,false,AU,USD,00D3B0000008ukZUAQ,2017-03-01 16:27:05,0053B000000fTg9QAE,2017-03-01 16:27:05,0053B000000fTg9QAE,2017-03-01 16:27:05,,,true,Australia,DefaultStore,
a8M3B000000CeohUAC,false,AT,USD,00D3B0000008ukZUAQ,2017-03-01 16:27:05,0053B000000fTg9QAE,2017-03-01 16:27:05,0053B000000fTg9QAE,2017-03-01 16:27:05,,,true,Austria,DefaultStore,
a8M3B000000CeoiUAC,false,AZ,USD,00D3B0000008ukZUAQ,2017-03-01 16:27:05,0053B000000fTg9QAE,2017-03-01 16:27:05,0053B000000fTg9QAE,2017-03-01 16:27:05,,,true,Azerbaijan,DefaultStore,
a8M3B000000CeojUAC,false,BS,USD,00D3B0000008ukZUAQ,2017-03-01 16:27:05,0053B000000fTg9QAE,2017-03-01 16:27:05,0053B000000fTg9QAE,2017-03-01 16:27:05,,,true,Bahamas,DefaultStore,
a8M3B000000CeokUAC,false,BH,USD,00D3B0000008ukZUAQ,2017-03-01 16:27:05,0053B000000fTg9QAE,2017-03-01 16:27:05,0053B000000fTg9QAE,2017-03-01 16:27:05,,,true,Bahrain,DefaultStore,
a8M3B000000CeolUAC,false,BD,USD,00D3B0000008ukZUAQ,2017-03-01 16:27:05,0053B000000fTg9QAE,2017-03-01 16:27:05,0053B000000fTg9QAE,2017-03-01 16:27:05,,,true,Bangladesh,DefaultStore,
a8M3B000000CeomUAC,false,BB,USD,00D3B0000008ukZUAQ,2017-03-01 16:27:05,0053B000000fTg9QAE,2017-03-01 16:27:05,0053B000000fTg9QAE,2017-03-01 16:27:05,,,true,Barbados,DefaultStore,
a8M3B000000CeonUAC,false,BY,USD,00D3B0000008ukZUAQ,2017-03-01 16:27:05,0053B000000fTg9QAE,2017-03-01 16:27:05,0053B000000fTg9QAE,2017-03-01 16:27:05,,,true,Belarus,DefaultStore,
a8M3B000000CeooUAC,false,CU,USD,00D3B0000008ukZUAQ,2017-03-01 16:27:05,0053B000000fTg9QAE,2017-03-01 16:27:05,0053B000000fTg9QAE,2017-03-01 16:27:05,,,true,Cuba,DefaultStore,
a8M3B000000CeopUAC,false,CW,USD,00D3B0000008ukZUAQ,2017-03-01 16:27:05,0053B000000fTg9QAE,2017-03-01 16:27:05,0053B000000fTg9QAE,2017-03-01 16:27:05,,,true,Curaao,DefaultStore,
a8M3B000000CeoqUAC,false,CY,USD,00D3B0000008ukZUAQ,2017-03-01 16:27:05,0053B000000fTg9QAE,2017-03-01 16:27:05,0053B000000fTg9QAE,2017-03-01 16:27:05,,,true,Cyprus,DefaultStore,
a8M3B000000CeorUAC,false,CZ,USD,00D3B0000008ukZUAQ,2017-03-01 16:27:05,0053B000000fTg9QAE,2017-03-01 16:27:05,0053B000000fTg9QAE,2017-03-01 16:27:05,,,true,Czech Republic,DefaultStore,
a8M3B000000CeosUAC,false,DK,USD,00D3B0000008ukZUAQ,2017-03-01 16:27:05,0053B000000fTg9QAE,2017-03-01 16:27:05,0053B000000fTg9QAE,2017-03-01 16:27:05,,,true,Denmark,DefaultStore,
a8M3B000000Ceo4UAC,false,CX,USD,00D3B0000008ukZUAQ,2017-03-01 16:27:03,0053B000000fTg9QAE,2017-03-01 16:27:03,0053B000000fTg9QAE,2017-03-01 16:27:03,,,true,Christmas Island,DefaultStore,
a8M3B000000Ceo5UAC,false,LC,USD,00D3B0000008ukZUAQ,2017-03-01 16:27:03,0053B000000fTg9QAE,2017-03-01 16:27:03,0053B000000fTg9QAE,2017-03-01 16:27:03,,,true,Saint Lucia,DefaultStore,
a8M3B000000Ceo6UAC,false,MF,USD,00D3B0000008ukZUAQ,2017-03-01 16:27:03,0053B000000fTg9QAE,2017-03-01 16:27:03,0053B000000fTg9QAE,2017-03-01 16:27:03,,,true,Saint Martin (French Part),DefaultStore,
a8M3B000000Ceo7UAC,false,PM,USD,00D3B0000008ukZUAQ,2017-03-01 16:27:03,0053B000000fTg9QAE,2017-03-01 16:27:03,0053B000000fTg9QAE,2017-03-01 16:27:03,,,true,Saint Pierre And Miquelon,DefaultStore,
a8M3B000000Ceo8UAC,false,VC,USD,00D3B0000008ukZUAQ,2017-03-01 16:27:03,0053B000000fTg9QAE,2017-03-01 16:27:03,0053B000000fTg9QAE,2017-03-01 16:27:03,,,true,Saint Vincent And The Grenadines,DefaultStore,
a8M3B000000CeotUAC,false,DJ,USD,00D3B0000008ukZUAQ,2017-03-01 16:27:05,0053B000000fTg9QAE,2017-03-01 16:27:05,0053B000000fTg9QAE,2017-03-01 16:27:05,,,true,Djibouti,DefaultStore,
a8M3B000000CeouUAC,false,DM,USD,00D3B0000008ukZUAQ,2017-03-01 16:27:05,0053B000000fTg9QAE,2017-03-01 16:27:05,0053B000000fTg9QAE,2017-03-01 16:27:05,,,true,Dominica,DefaultStore,
a8M3B000000CeovUAC,false,DO,USD,00D3B0000008ukZUAQ,2017-03-01 16:27:05,0053B000000fTg9QAE,2017-03-01 16:27:05,0053B000000fTg9QAE,2017-03-01 16:27:05,,,true,Dominican Republic,DefaultStore,
a8M3B000000CenCUAS,false,VE,USD,00D3B0000008ukZUAQ,2017-03-01 16:27:03,0053B000000fTg9QAE,2017-03-01 16:27:03,0053B000000fTg9QAE,2017-03-01 16:27:03,,,true,"Venezuela, Bolivarian Republic Of",DefaultStore,
a8M3B000000CenDUAS,false,VN,USD,00D3B0000008ukZUAQ,2017-03-01 16:27:03,0053B000000fTg9QAE,2017-03-01 16:27:03,0053B000000fTg9QAE,2017-03-01 16:27:03,,,true,Viet Nam,DefaultStore,
a8M3B000000CenEUAS,false,VG,USD,00D3B0000008ukZUAQ,2017-03-01 16:27:03,0053B000000fTg9QAE,2017-03-01 16:27:03,0053B000000fTg9QAE,2017-03-01 16:27:03,,,true,"Virgin Islands, British",DefaultStore,
a8M3B000000CenFUAS,false,VI,USD,00D3B0000008ukZUAQ,2017-03-01 16:27:03,0053B000000fTg9QAE,2017-03-01 16:27:03,0053B000000fTg9QAE,2017-03-01 16:27:03,,,true,"Virgin Islands, U.s.",DefaultStore,
a8M3B000000CenGUAS,false,WF,USD,00D3B0000008ukZUAQ,2017-03-01 16:27:03,0053B000000fTg9QAE,2017-03-01 16:27:03,0053B000000fTg9QAE,2017-03-01 16:27:03,,,true,Wallis And Futuna,DefaultStore,
a8M3B000000CenHUAS,false,EH,USD,00D3B0000008ukZUAQ,2017-03-01 16:27:03,0053B000000fTg9QAE,2017-03-01 16:27:03,0053B000000fTg9QAE,2017-03-01 16:27:03,,,true,Western Sahara,DefaultStore,
a8M3B000000CenIUAS,false,YE,USD,00D3B0000008ukZUAQ,2017-03-01 16:27:03,0053B000000fTg9QAE,2017-03-01 16:27:03,0053B000000fTg9QAE,2017-03-01 16:27:03,,,true,Yemen,DefaultStore,
a8M3B000000CenJUAS,false,DE,USD,00D3B0000008ukZUAQ,2017-03-01 16:27:03,0053B000000fTg9QAE,2017-03-01 16:27:03,0053B000000fTg9QAE,2017-03-01 16:27:03,,,true,Germany,DefaultStore,
a8M3B000000CenKUAS,false,GH,USD,00D3B0000008ukZUAQ,2017-03-01 16:27:03,0053B000000fTg9QAE,2017-03-01 16:27:03,0053B000000fTg9QAE,2017-03-01 16:27:03,,,true,Ghana,DefaultStore,
a8M3B000000CenLUAS,false,GI,USD,00D3B0000008ukZUAQ,2017-03-01 16:27:03,0053B000000fTg9QAE,2017-03-01 16:27:03,0053B000000fTg9QAE,2017-03-01 16:27:03,,,true,Gibraltar,DefaultStore,
a8M3B000000CenzUAC,false,SH,USD,00D3B0000008ukZUAQ,2017-03-01 16:27:03,0053B000000fTg9QAE,2017-03-01 16:27:03,0053B000000fTg9QAE,2017-03-01 16:27:03,,,true,"Saint Helena, Ascension And Tristan Da Cunha",DefaultStore,
a8M3B000000Ceo0UAC,false,KN,USD,00D3B0000008ukZUAQ,2017-03-01 16:27:03,0053B000000fTg9QAE,2017-03-01 16:27:03,0053B000000fTg9QAE,2017-03-01 16:27:03,,,true,Saint Kitts And Nevis,DefaultStore,
a8M3B000000Ceo1UAC,false,TD,USD,00D3B0000008ukZUAQ,2017-03-01 16:27:03,0053B000000fTg9QAE,2017-03-01 16:27:03,0053B000000fTg9QAE,2017-03-01 16:27:03,,,true,Chad,DefaultStore,
a8M3B000000Ceo2UAC,false,CL,USD,00D3B0000008ukZUAQ,2017-03-01 16:27:03,0053B000000fTg9QAE,2017-03-01 16:27:03,0053B000000fTg9QAE,2017-03-01 16:27:03,,,true,Chile,DefaultStore,
a8M3B000000Ceo3UAC,false,CN,USD,00D3B0000008ukZUAQ,2017-03-01 16:27:03,0053B000000fTg9QAE,2017-03-01 16:27:03,0053B000000fTg9QAE,2017-03-01 16:27:03,,,true,China,DefaultStore,
a8M3B000000CenWUAS,false,MH,USD,00D3B0000008ukZUAQ,2017-03-01 16:27:03,0053B000000fTg9QAE,2017-03-01 16:27:03,0053B000000fTg9QAE,2017-03-01 16:27:03,,,true,Marshall Islands,DefaultStore,
a8M3B000000CenXUAS,false,PW,USD,00D3B0000008ukZUAQ,2017-03-01 16:27:03,0053B000000fTg9QAE,2017-03-01 16:27:03,0053B000000fTg9QAE,2017-03-01 16:27:03,,,true,Palau,DefaultStore,
a8M3B000000CenYUAS,false,PS,USD,00D3B0000008ukZUAQ,2017-03-01 16:27:03,0053B000000fTg9QAE,2017-03-01 16:27:03,0053B000000fTg9QAE,2017-03-01 16:27:03,,,true,"Palestinian Territory, Occupied",DefaultStore,
a8M3B000000CenZUAS,false,PA,USD,00D3B0000008ukZUAQ,2017-03-01 16:27:03,0053B000000fTg9QAE,2017-03-01 16:27:03,0053B000000fTg9QAE,2017-03-01 16:27:03,,,true,Panama,DefaultStore,
a8M3B000000CenaUAC,false,PG,USD,00D3B0000008ukZUAQ,2017-03-01 16:27:03,0053B000000fTg9QAE,2017-03-01 16:27:03,0053B000000fTg9QAE,2017-03-01 16:27:03,,,true,Papua New Guinea,DefaultStore,
a8M3B000000CenbUAC,false,PY,USD,00D3B0000008ukZUAQ,2017-03-01 16:27:03,0053B000000fTg9QAE,2017-03-01 16:27:03,0053B000000fTg9QAE,2017-03-01 16:27:03,,,true,Paraguay,DefaultStore,
a8M3B000000CencUAC,false,ZM,USD,00D3B0000008ukZUAQ,2017-03-01 16:27:03,0053B000000fTg9QAE,2017-03-01 16:27:03,0053B000000fTg9QAE,2017-03-01 16:27:03,,,true,Zambia,DefaultStore,
a8M3B000000CendUAC,false,ZW,USD,00D3B0000008ukZUAQ,2017-03-01 16:27:03,0053B000000fTg9QAE,2017-03-01 16:27:03,0053B000000fTg9QAE,2017-03-01 16:27:03,,,true,Zimbabwe,DefaultStore,
a8M3B000000CeneUAC,false,MQ,USD,00D3B0000008ukZUAQ,2017-03-01 16:27:03,0053B000000fTg9QAE,2017-03-01 16:27:03,0053B000000fTg9QAE,2017-03-01 16:27:03,,,true,Martinique,DefaultStore,
a8M3B000000CenfUAC,false,MR,USD,00D3B0000008ukZUAQ,2017-03-01 16:27:03,0053B000000fTg9QAE,2017-03-01 16:27:03,0053B000000fTg9QAE,2017-03-01 16:27:03,,,true,Mauritania,DefaultStore,
a8M3B000000Ceo9UAC,false,WS,USD,00D3B0000008ukZUAQ,2017-03-01 16:27:05,0053B000000fTg9QAE,2017-03-01 16:27:05,0053B000000fTg9QAE,2017-03-01 16:27:05,,,true,Samoa,DefaultStore,
a8M3B000000CeoAUAS,false,SM,USD,00D3B0000008ukZUAQ,2017-03-01 16:27:05,0053B000000fTg9QAE,2017-03-01 16:27:05,0053B000000fTg9QAE,2017-03-01 16:27:05,,,true,San Marino,DefaultStore,
a8M3B000000CeoBUAS,false,ST,USD,00D3B0000008ukZUAQ,2017-03-01 16:27:05,0053B000000fTg9QAE,2017-03-01 16:27:05,0053B000000fTg9QAE,2017-03-01 16:27:05,,,true,Sao Tome And Principe,DefaultStore,
a8M3B000000CeoCUAS,false,SA,USD,00D3B0000008ukZUAQ,2017-03-01 16:27:05,0053B000000fTg9QAE,2017-03-01 16:27:05,0053B000000fTg9QAE,2017-03-01 16:27:05,,,true,Saudi Arabia,DefaultStore,
a8M3B000000CeoDUAS,false,SN,USD,00D3B0000008ukZUAQ,2017-03-01 16:27:05,0053B000000fTg9QAE,2017-03-01 16:27:05,0053B000000fTg9QAE,2017-03-01 16:27:05,,,true,Senegal,DefaultStore,
a8M3B000000CeoEUAS,false,RS,USD,00D3B0000008ukZUAQ,2017-03-01 16:27:05,0053B000000fTg9QAE,2017-03-01 16:27:05,0053B000000fTg9QAE,2017-03-01 16:27:05,,,true,Serbia,DefaultStore,
a8M3B000000CeoFUAS,false,CC,USD,00D3B0000008ukZUAQ,2017-03-01 16:27:05,0053B000000fTg9QAE,2017-03-01 16:27:05,0053B000000fTg9QAE,2017-03-01 16:27:05,,,true,Cocos (Keeling) Islands,DefaultStore,
