id,isdeleted,name,currencyisocode,setupownerid,createddate,createdbyid,lastmodifieddate,lastmodifiedbyid,systemmodstamp,lastvieweddate,lastreferenceddate,currencysymbol__c,currency_name__c,displayformat__c,decimalpointchar__c,decimalpoints__c,storefront__c,thousandspointchar__c,default__c,
a8N6C0000004hdgUAA,false,NOK,USD,00D6C0000000cYAUAY,2016-12-26 16:44:32,0056C000000O3jNQAS,2016-12-26 16:44:32,0056C000000O3jNQAS,2016-12-26 16:44:32,,,"107, 114",Norwegian Krone,{0}{1},comma,2.0,DefaultStore,dot,false,
a8N6C0000004hdhUAA,false,NPR,USD,00D6C0000000cYAUAY,2016-12-26 16:44:32,0056C000000O3jNQAS,2016-12-26 16:44:32,0056C000000O3jNQAS,2016-12-26 16:44:32,,,8360,Nepalese Rupee,{0}{1},dot,2.0,DefaultStore,comma,false,
a8N6C0000004hdiUAA,false,NZD,USD,00D6C0000000cYAUAY,2016-12-26 16:44:32,0056C000000O3jNQAS,2016-12-26 16:44:32,0056C000000O3jNQAS,2016-12-26 16:44:32,,,36,New Zealand Dollar,{0}{1},dot,2.0,DefaultStore,comma,false,
a8N6C0000004hdjUAA,false,OMR,USD,00D6C0000000cYAUAY,2016-12-26 16:44:32,0056C000000O3jNQAS,2016-12-26 16:44:32,0056C000000O3jNQAS,2016-12-26 16:44:32,,,65020,Omani Rial,{0}{1},dot,3.0,DefaultStore,comma,false,
a8N6C0000004hdkUAA,false,PAB,USD,00D6C0000000cYAUAY,2016-12-26 16:44:32,0056C000000O3jNQAS,2016-12-26 16:44:32,0056C000000O3jNQAS,2016-12-26 16:44:32,,,"66, 47, 46",Panama Balboa,{0}{1},comma,2.0,DefaultStore,ws,false,
a8N6C0000004hdlUAA,false,PEN,USD,00D6C0000000cYAUAY,2016-12-26 16:44:32,0056C000000O3jNQAS,2016-12-26 16:44:32,0056C000000O3jNQAS,2016-12-26 16:44:32,,,"83, 47, 46",Peruvian Nuevo Sol,{0}{1},dot,2.0,DefaultStore,comma,false,
a8N6C0000004hdmUAA,false,PGK,USD,00D6C0000000cYAUAY,2016-12-26 16:44:32,0056C000000O3jNQAS,2016-12-26 16:44:32,0056C000000O3jNQAS,2016-12-26 16:44:32,,,"83, 47, 46",Papua New Guinea Kina,{0}{1},comma,2.0,DefaultStore,ws,false,
a8N6C0000004hdnUAA,false,PHP,USD,00D6C0000000cYAUAY,2016-12-26 16:44:32,0056C000000O3jNQAS,2016-12-26 16:44:32,0056C000000O3jNQAS,2016-12-26 16:44:32,,,8369,Philippine Peso,{0}{1},dot,2.0,DefaultStore,comma,false,
a8N6C0000004hdoUAA,false,PKR,USD,00D6C0000000cYAUAY,2016-12-26 16:44:32,0056C000000O3jNQAS,2016-12-26 16:44:32,0056C000000O3jNQAS,2016-12-26 16:44:32,,,8360,Pakistani Rupee,{0}{1},dot,2.0,DefaultStore,comma,false,
a8N6C0000004hdpUAA,false,PLN,USD,00D6C0000000cYAUAY,2016-12-26 16:44:32,0056C000000O3jNQAS,2016-12-26 16:44:32,0056C000000O3jNQAS,2016-12-26 16:44:32,,,"122, 322",Polish Zloty,{0}{1},comma,2.0,DefaultStore,ws,false,
a8N6C0000004hdTUAQ,false,MOP,USD,00D6C0000000cYAUAY,2016-12-26 16:44:32,0056C000000O3jNQAS,2016-12-26 16:44:32,0056C000000O3jNQAS,2016-12-26 16:44:32,,,8366,Macau Pataca,{0}{1},dot,2.0,DefaultStore,comma,false,
a8N6C0000004hdUUAQ,false,MRO,USD,00D6C0000000cYAUAY,2016-12-26 16:44:32,0056C000000O3jNQAS,2016-12-26 16:44:32,0056C000000O3jNQAS,2016-12-26 16:44:32,,,8366,Mauritania Ougulya,{0}{1},dot,2.0,DefaultStore,comma,false,
a8N6C0000004hdVUAQ,false,MUR,USD,00D6C0000000cYAUAY,2016-12-26 16:44:32,0056C000000O3jNQAS,2016-12-26 16:44:32,0056C000000O3jNQAS,2016-12-26 16:44:32,,,8360,Mauritius Rupee,{0}{1},,0.0,DefaultStore,comma,false,
a8N6C0000004hdqUAA,false,PTE,USD,00D6C0000000cYAUAY,2016-12-26 16:44:32,0056C000000O3jNQAS,2016-12-26 16:44:32,0056C000000O3jNQAS,2016-12-26 16:44:32,,,8364,Portuguese escudo,{1}{0},comma,2.0,DefaultStore,ws,false,
a8N6C0000004hdrUAA,false,PYG,USD,00D6C0000000cYAUAY,2016-12-26 16:44:32,0056C000000O3jNQAS,2016-12-26 16:44:32,0056C000000O3jNQAS,2016-12-26 16:44:32,,,"71, 115",Paraguayan Guarani,{0}{1},,0.0,DefaultStore,comma,false,
a8N6C0000004hdsUAA,false,QAR,USD,00D6C0000000cYAUAY,2016-12-26 16:44:32,0056C000000O3jNQAS,2016-12-26 16:44:32,0056C000000O3jNQAS,2016-12-26 16:44:32,,,65020,Qatar Rial,{0}{1},comma,2.0,DefaultStore,ws,false,
a8N6C0000004hdtUAA,false,RON,USD,00D6C0000000cYAUAY,2016-12-26 16:44:32,0056C000000O3jNQAS,2016-12-26 16:44:32,0056C000000O3jNQAS,2016-12-26 16:44:32,,,"108, 101, 105",Romanian Leu,{0}{1},comma,2.0,DefaultStore,dot,false,
a8N6C0000004hduUAA,false,RSD,USD,00D6C0000000cYAUAY,2016-12-26 16:44:32,0056C000000O3jNQAS,2016-12-26 16:44:32,0056C000000O3jNQAS,2016-12-26 16:44:32,,,"1044, 1080, 1085, 46",Serbian Dinar,{0}{1},comma,2.0,DefaultStore,ws,false,
a8N6C0000004hdvUAA,false,RUB,USD,00D6C0000000cYAUAY,2016-12-26 16:44:32,0056C000000O3jNQAS,2016-12-26 16:44:32,0056C000000O3jNQAS,2016-12-26 16:44:32,,,"1088, 1091, 1073",Russian Rouble,{0}{1},comma,2.0,DefaultStore,dot,false,
a8N6C0000004hdwUAA,false,RWF,USD,00D6C0000000cYAUAY,2016-12-26 16:44:32,0056C000000O3jNQAS,2016-12-26 16:44:32,0056C000000O3jNQAS,2016-12-26 16:44:32,,,"1088, 1091, 1073",Rwanda Franc,{0}{1},,0.0,DefaultStore,comma,false,
a8N6C0000004hdxUAA,false,SAR,USD,00D6C0000000cYAUAY,2016-12-26 16:44:32,0056C000000O3jNQAS,2016-12-26 16:44:32,0056C000000O3jNQAS,2016-12-26 16:44:32,,,65020,Saudi Arabian Riyal,{0}{1},dot,2.0,DefaultStore,comma,false,
a8N6C0000004hdyUAA,false,SBD,USD,00D6C0000000cYAUAY,2016-12-26 16:44:32,0056C000000O3jNQAS,2016-12-26 16:44:32,0056C000000O3jNQAS,2016-12-26 16:44:32,,,36,Solomon Islands Dollar,{0}{1},comma,2.0,DefaultStore,ws,false,
a8N6C0000004hdWUAQ,false,MVR,USD,00D6C0000000cYAUAY,2016-12-26 16:44:32,0056C000000O3jNQAS,2016-12-26 16:44:32,0056C000000O3jNQAS,2016-12-26 16:44:32,,,8360,Maldives Rufiyaa,{0}{1},dot,2.0,DefaultStore,comma,false,
a8N6C0000004hdXUAQ,false,MWK,USD,00D6C0000000cYAUAY,2016-12-26 16:44:32,0056C000000O3jNQAS,2016-12-26 16:44:32,0056C000000O3jNQAS,2016-12-26 16:44:32,,,8360,Malawi Kwacha,{0}{1},dot,2.0,DefaultStore,comma,false,
a8N6C0000004hdYUAQ,false,MXN,USD,00D6C0000000cYAUAY,2016-12-26 16:44:32,0056C000000O3jNQAS,2016-12-26 16:44:32,0056C000000O3jNQAS,2016-12-26 16:44:32,,,36,Mexican Peso,{0}{1},dot,2.0,DefaultStore,comma,false,
a8N6C0000004hdZUAQ,false,MXV,USD,00D6C0000000cYAUAY,2016-12-26 16:44:32,0056C000000O3jNQAS,2016-12-26 16:44:32,0056C000000O3jNQAS,2016-12-26 16:44:32,,,36,Mexican Unidad de Inversion (UDI),{0}{1},dot,2.0,DefaultStore,comma,false,
a8N6C0000004hdaUAA,false,MYR,USD,00D6C0000000cYAUAY,2016-12-26 16:44:32,0056C000000O3jNQAS,2016-12-26 16:44:32,0056C000000O3jNQAS,2016-12-26 16:44:32,,,"82, 77",Malaysian Ringgit,{0}{1},dot,2.0,DefaultStore,comma,false,
a8N6C0000004hdbUAA,false,MZN,USD,00D6C0000000cYAUAY,2016-12-26 16:44:32,0056C000000O3jNQAS,2016-12-26 16:44:32,0056C000000O3jNQAS,2016-12-26 16:44:32,,,"77, 84",Mozambique Metical,{0}{1},,0.0,DefaultStore,comma,false,
a8N6C0000004hdcUAA,false,NAD,USD,00D6C0000000cYAUAY,2016-12-26 16:44:32,0056C000000O3jNQAS,2016-12-26 16:44:32,0056C000000O3jNQAS,2016-12-26 16:44:32,,,36,Namibian Dollar,{0}{1},dot,2.0,DefaultStore,comma,false,
a8N6C0000004hddUAA,false,NGN,USD,00D6C0000000cYAUAY,2016-12-26 16:44:32,0056C000000O3jNQAS,2016-12-26 16:44:32,0056C000000O3jNQAS,2016-12-26 16:44:32,,,8358,Nigerian Naira,{0}{1},dot,2.0,DefaultStore,comma,false,
a8N6C0000004hdeUAA,false,NIO,USD,00D6C0000000cYAUAY,2016-12-26 16:44:32,0056C000000O3jNQAS,2016-12-26 16:44:32,0056C000000O3jNQAS,2016-12-26 16:44:32,,,"67, 36",Nicaragua Cordoba,{0}{1},dot,2.0,DefaultStore,comma,false,
a8N6C0000004hdfUAA,false,NLG,USD,00D6C0000000cYAUAY,2016-12-26 16:44:32,0056C000000O3jNQAS,2016-12-26 16:44:32,0056C000000O3jNQAS,2016-12-26 16:44:32,,,8364,Dutch guilder,{0}{1},dot,2.0,DefaultStore,comma,false,
a8N6C0000004hdzUAA,false,SCR,USD,00D6C0000000cYAUAY,2016-12-26 16:44:32,0056C000000O3jNQAS,2016-12-26 16:44:32,0056C000000O3jNQAS,2016-12-26 16:44:32,,,8360,Seychelles Rupee,{0}{1},comma,2.0,DefaultStore,ws,false,
a8N6C0000004he0UAA,false,SDG,USD,00D6C0000000cYAUAY,2016-12-26 16:44:32,0056C000000O3jNQAS,2016-12-26 16:44:32,0056C000000O3jNQAS,2016-12-26 16:44:32,,,8360,Sudanese Pound,{0}{1},comma,2.0,DefaultStore,ws,false,
a8N6C0000004he1UAA,false,SEK,USD,00D6C0000000cYAUAY,2016-12-26 16:44:32,0056C000000O3jNQAS,2016-12-26 16:44:32,0056C000000O3jNQAS,2016-12-26 16:44:32,,,"107, 114",Swedish Krona,{0}{1},comma,2.0,DefaultStore,dot,false,
a8N6C0000004he2UAA,false,SGD,USD,00D6C0000000cYAUAY,2016-12-26 16:44:32,0056C000000O3jNQAS,2016-12-26 16:44:32,0056C000000O3jNQAS,2016-12-26 16:44:32,,,36,Singapore Dollar,{0}{1},dot,2.0,DefaultStore,comma,false,
a8N6C0000004he3UAA,false,SHP,USD,00D6C0000000cYAUAY,2016-12-26 16:44:32,0056C000000O3jNQAS,2016-12-26 16:44:32,0056C000000O3jNQAS,2016-12-26 16:44:32,,,163,St Helena Pound,{0}{1},comma,2.0,DefaultStore,ws,false,
a8N6C0000004he4UAA,false,SLL,USD,00D6C0000000cYAUAY,2016-12-26 16:44:32,0056C000000O3jNQAS,2016-12-26 16:44:32,0056C000000O3jNQAS,2016-12-26 16:44:32,,,163,Sierra Leone Leone,{0}{1},comma,2.0,DefaultStore,ws,false,
a8N6C0000004he5UAA,false,SOS,USD,00D6C0000000cYAUAY,2016-12-26 16:44:32,0056C000000O3jNQAS,2016-12-26 16:44:32,0056C000000O3jNQAS,2016-12-26 16:44:32,,,83,Somali Shilling,{0}{1},comma,2.0,DefaultStore,ws,false,
a8N6C0000004he6UAA,false,SRD,USD,00D6C0000000cYAUAY,2016-12-26 16:44:32,0056C000000O3jNQAS,2016-12-26 16:44:32,0056C000000O3jNQAS,2016-12-26 16:44:32,,,36,Surinam Dollar,{0}{1},comma,2.0,DefaultStore,ws,false,
a8N6C0000004he7UAA,false,STD,USD,00D6C0000000cYAUAY,2016-12-26 16:44:32,0056C000000O3jNQAS,2016-12-26 16:44:32,0056C000000O3jNQAS,2016-12-26 16:44:32,,,36,Sao Tome Dobra,{0}{1},comma,2.0,DefaultStore,ws,false,
a8N6C0000004hbRUAQ,false,SYP,USD,00D6C0000000cYAUAY,2016-12-26 16:44:32,0056C000000O3jNQAS,2016-12-26 16:44:32,0056C000000O3jNQAS,2016-12-26 16:44:32,,,163,Syrian Pound,{0}{1},comma,2.0,DefaultStore,ws,false,
a8N6C0000004hbSUAQ,false,SZL,USD,00D6C0000000cYAUAY,2016-12-26 16:44:32,0056C000000O3jNQAS,2016-12-26 16:44:32,0056C000000O3jNQAS,2016-12-26 16:44:32,,,163,Swaziland Lilageni,{0}{1},dot,2.0,DefaultStore,comma,false,
a8N6C0000004hbTUAQ,false,THB,USD,00D6C0000000cYAUAY,2016-12-26 16:44:32,0056C000000O3jNQAS,2016-12-26 16:44:32,0056C000000O3jNQAS,2016-12-26 16:44:32,,,3647,Thai Baht,{0}{1},dot,2.0,DefaultStore,comma,false,
a8N6C0000004hbUUAQ,false,TJS,USD,00D6C0000000cYAUAY,2016-12-26 16:44:32,0056C000000O3jNQAS,2016-12-26 16:44:32,0056C000000O3jNQAS,2016-12-26 16:44:32,,,3647,Tajik Ruble,{0}{1},,0.0,DefaultStore,comma,false,
a8N6C0000004hbVUAQ,false,TMT,USD,00D6C0000000cYAUAY,2016-12-26 16:44:32,0056C000000O3jNQAS,2016-12-26 16:44:32,0056C000000O3jNQAS,2016-12-26 16:44:32,,,3647,Turkmenistan Manat,{0}{1},comma,2.0,DefaultStore,ws,false,
a8N6C0000004hbWUAQ,false,TND,USD,00D6C0000000cYAUAY,2016-12-26 16:44:32,0056C000000O3jNQAS,2016-12-26 16:44:32,0056C000000O3jNQAS,2016-12-26 16:44:32,,,3647,Tunisian Dinar,{0}{1},dot,3.0,DefaultStore,comma,false,
a8N6C0000004hbXUAQ,false,TOP,USD,00D6C0000000cYAUAY,2016-12-26 16:44:32,0056C000000O3jNQAS,2016-12-26 16:44:32,0056C000000O3jNQAS,2016-12-26 16:44:32,,,3647,Tonga Pa'anga,{0}{1},dot,2.0,DefaultStore,comma,false,
a8N6C0000004hbYUAQ,false,TRY,USD,00D6C0000000cYAUAY,2016-12-26 16:44:32,0056C000000O3jNQAS,2016-12-26 16:44:32,0056C000000O3jNQAS,2016-12-26 16:44:32,,,36,Turkish Lira,{0}{1},dot,2.0,DefaultStore,comma,false,
a8N6C0000004hbZUAQ,false,TTD,USD,00D6C0000000cYAUAY,2016-12-26 16:44:32,0056C000000O3jNQAS,2016-12-26 16:44:32,0056C000000O3jNQAS,2016-12-26 16:44:32,,,"84, 84, 36",Trinidad and Tobago Dollar,{0}{1},comma,2.0,DefaultStore,ws,false,
a8N6C0000004hbaUAA,false,TWD,USD,00D6C0000000cYAUAY,2016-12-26 16:44:32,0056C000000O3jNQAS,2016-12-26 16:44:32,0056C000000O3jNQAS,2016-12-26 16:44:32,,,"78, 84, 36",Taiwan Dollar,{0}{1},comma,2.0,DefaultStore,ws,false,
a8N6C0000004hbbUAA,false,TZS,USD,00D6C0000000cYAUAY,2016-12-26 16:44:32,0056C000000O3jNQAS,2016-12-26 16:44:32,0056C000000O3jNQAS,2016-12-26 16:44:32,,,"78, 84, 36",Tanzanian Shilling,{0}{1},dot,2.0,DefaultStore,comma,false,
a8N6C0000004hbcUAA,false,UAH,USD,00D6C0000000cYAUAY,2016-12-26 16:44:32,0056C000000O3jNQAS,2016-12-26 16:44:32,0056C000000O3jNQAS,2016-12-26 16:44:32,,,8372,Ukraine Hryvnia,{0}{1},comma,2.0,DefaultStore,ws,false,
a8N6C0000004hbdUAA,false,UGX,USD,00D6C0000000cYAUAY,2016-12-26 16:44:32,0056C000000O3jNQAS,2016-12-26 16:44:32,0056C000000O3jNQAS,2016-12-26 16:44:32,,,8372,Ugandan Shilling,{0}{1},comma,2.0,DefaultStore,ws,false,
a8N6C0000004hbeUAA,false,USD,USD,00D6C0000000cYAUAY,2016-12-26 16:44:32,0056C000000O3jNQAS,2016-12-26 16:44:32,0056C000000O3jNQAS,2016-12-26 16:44:32,,,36,US Dollars,{0}{1},dot,2.0,DefaultStore,comma,true,
a8N6C0000004hbfUAA,false,UYU,USD,00D6C0000000cYAUAY,2016-12-26 16:44:32,0056C000000O3jNQAS,2016-12-26 16:44:32,0056C000000O3jNQAS,2016-12-26 16:44:32,,,"36, 85",Uruguayan New Peso,{0}{1},comma,2.0,DefaultStore,dot,false,
a8N6C0000004hbgUAA,false,UZS,USD,00D6C0000000cYAUAY,2016-12-26 16:44:32,0056C000000O3jNQAS,2016-12-26 16:44:32,0056C000000O3jNQAS,2016-12-26 16:44:32,,,"1083, 1074",Uzbekistan Sum,{0}{1},comma,2.0,DefaultStore,ws,false,
a8N6C0000004hbhUAA,false,VEF,USD,00D6C0000000cYAUAY,2016-12-26 16:44:32,0056C000000O3jNQAS,2016-12-26 16:44:32,0056C000000O3jNQAS,2016-12-26 16:44:32,,,"66, 115",Venezuelan Bolivar Fuerte,{0}{1},comma,2.0,DefaultStore,dot,false,
a8N6C0000004hbiUAA,false,VND,USD,00D6C0000000cYAUAY,2016-12-26 16:44:32,0056C000000O3jNQAS,2016-12-26 16:44:32,0056C000000O3jNQAS,2016-12-26 16:44:32,,,8363,Vietnam Dong,{0}{1},,0.0,DefaultStore,dot,false,
a8N6C0000004hbjUAA,false,VUV,USD,00D6C0000000cYAUAY,2016-12-26 16:44:32,0056C000000O3jNQAS,2016-12-26 16:44:32,0056C000000O3jNQAS,2016-12-26 16:44:32,,,8363,Vanuatu Vatu,{0}{1},,0.0,DefaultStore,comma,false,
a8N6C0000004hbkUAA,false,WST,USD,00D6C0000000cYAUAY,2016-12-26 16:44:32,0056C000000O3jNQAS,2016-12-26 16:44:32,0056C000000O3jNQAS,2016-12-26 16:44:32,,,8363,Samoa Tala,{0}{1},comma,2.0,DefaultStore,ws,false,
a8N6C0000004hblUAA,false,AED,USD,00D6C0000000cYAUAY,2016-12-26 16:44:32,0056C000000O3jNQAS,2016-12-26 16:44:32,0056C000000O3jNQAS,2016-12-26 16:44:32,,,36,UAE Dirham,{0}{1},dot,2.0,DefaultStore,comma,false,
a8N6C0000004hbmUAA,false,AFN,USD,00D6C0000000cYAUAY,2016-12-26 16:44:32,0056C000000O3jNQAS,2016-12-26 16:44:32,0056C000000O3jNQAS,2016-12-26 16:44:32,,,1547,Afghani,{0}{1},dot,2.0,DefaultStore,comma,false,
a8N6C0000004hc7UAA,false,BND,USD,00D6C0000000cYAUAY,2016-12-26 16:44:32,0056C000000O3jNQAS,2016-12-26 16:44:32,0056C000000O3jNQAS,2016-12-26 16:44:32,,,36,Brunei Dollar,{0}{1},dot,2.0,DefaultStore,comma,false,
a8N6C0000004hc8UAA,false,BOB,USD,00D6C0000000cYAUAY,2016-12-26 16:44:32,0056C000000O3jNQAS,2016-12-26 16:44:32,0056C000000O3jNQAS,2016-12-26 16:44:32,,,"36, 98",Bolivian Boliviano,{0}{1},dot,2.0,DefaultStore,comma,false,
a8N6C0000004hc9UAA,false,BOV,USD,00D6C0000000cYAUAY,2016-12-26 16:44:32,0056C000000O3jNQAS,2016-12-26 16:44:32,0056C000000O3jNQAS,2016-12-26 16:44:32,,,"36, 98",Bolivia Mvdol,{0}{1},dot,2.0,DefaultStore,comma,false,
a8N6C0000004hcAUAQ,false,BRL,USD,00D6C0000000cYAUAY,2016-12-26 16:44:32,0056C000000O3jNQAS,2016-12-26 16:44:32,0056C000000O3jNQAS,2016-12-26 16:44:32,,,"82, 36",Brazilian Real,{0}{1},comma,2.0,DefaultStore,dot,false,
a8N6C0000004hcBUAQ,false,BSD,USD,00D6C0000000cYAUAY,2016-12-26 16:44:32,0056C000000O3jNQAS,2016-12-26 16:44:32,0056C000000O3jNQAS,2016-12-26 16:44:32,,,36,Bahamian Dollar,{0}{1},dot,2.0,DefaultStore,comma,false,
a8N6C0000004hcCUAQ,false,BTN,USD,00D6C0000000cYAUAY,2016-12-26 16:44:32,0056C000000O3jNQAS,2016-12-26 16:44:32,0056C000000O3jNQAS,2016-12-26 16:44:32,,,36,Bhutan Ngultrum,{0}{1},dot,2.0,DefaultStore,comma,false,
a8N6C0000004hcDUAQ,false,BWP,USD,00D6C0000000cYAUAY,2016-12-26 16:44:32,0056C000000O3jNQAS,2016-12-26 16:44:32,0056C000000O3jNQAS,2016-12-26 16:44:32,,,80,Botswana Pula,{0}{1},dot,2.0,DefaultStore,comma,false,
a8N6C0000004hcEUAQ,false,BYR,USD,00D6C0000000cYAUAY,2016-12-26 16:44:32,0056C000000O3jNQAS,2016-12-26 16:44:32,0056C000000O3jNQAS,2016-12-26 16:44:32,,,"112, 46",Belarussian Ruble,{0}{1},,0.0,DefaultStore,comma,false,
a8N6C0000004hcFUAQ,false,BZD,USD,00D6C0000000cYAUAY,2016-12-26 16:44:32,0056C000000O3jNQAS,2016-12-26 16:44:32,0056C000000O3jNQAS,2016-12-26 16:44:32,,,"66, 90, 36",Belize Dollar,{0}{1},dot,2.0,DefaultStore,comma,false,
a8N6C0000004hcaUAA,false,ETB,USD,00D6C0000000cYAUAY,2016-12-26 16:44:32,0056C000000O3jNQAS,2016-12-26 16:44:32,0056C000000O3jNQAS,2016-12-26 16:44:32,,,163,Ethiopian Kroon,{0}{1},comma,2.0,DefaultStore,ws,false,
a8N6C0000004hcbUAA,false,EUR,USD,00D6C0000000cYAUAY,2016-12-26 16:44:32,0056C000000O3jNQAS,2016-12-26 16:44:32,0056C000000O3jNQAS,2016-12-26 16:44:32,,,8364,Euro,{0}{1},comma,2.0,DefaultStore,dot,false,
a8N6C0000004hccUAA,false,FIM,USD,00D6C0000000cYAUAY,2016-12-26 16:44:32,0056C000000O3jNQAS,2016-12-26 16:44:32,0056C000000O3jNQAS,2016-12-26 16:44:32,,,8364,Finnish Mark,{0}{1},comma,2.0,DefaultStore,dot,false,
a8N6C0000004hcdUAA,false,FJD,USD,00D6C0000000cYAUAY,2016-12-26 16:44:32,0056C000000O3jNQAS,2016-12-26 16:44:32,0056C000000O3jNQAS,2016-12-26 16:44:32,,,36,Fiji Dollar,{0}{1},comma,2.0,DefaultStore,ws,false,
a8N6C0000004hceUAA,false,FKP,USD,00D6C0000000cYAUAY,2016-12-26 16:44:32,0056C000000O3jNQAS,2016-12-26 16:44:32,0056C000000O3jNQAS,2016-12-26 16:44:32,,,163,Falkland Islands Pound,{0}{1},comma,2.0,DefaultStore,ws,false,
a8N6C0000004hbnUAA,false,ANG,USD,00D6C0000000cYAUAY,2016-12-26 16:44:32,0056C000000O3jNQAS,2016-12-26 16:44:32,0056C000000O3jNQAS,2016-12-26 16:44:32,,,402,Neth Antilles Guilder,{0}{1},comma,2.0,DefaultStore,dot,false,
a8N6C0000004hboUAA,false,ATS,USD,00D6C0000000cYAUAY,2016-12-26 16:44:32,0056C000000O3jNQAS,2016-12-26 16:44:32,0056C000000O3jNQAS,2016-12-26 16:44:32,,,8364,Austrian Shilling,{1}{0},comma,2.0,DefaultStore,dot,false,
a8N6C0000004hbpUAA,false,AUD,USD,00D6C0000000cYAUAY,2016-12-26 16:44:32,0056C000000O3jNQAS,2016-12-26 16:44:32,0056C000000O3jNQAS,2016-12-26 16:44:32,,,36,Australian Dollar,{0}{1},comma,2.0,DefaultStore,dot,false,
a8N6C0000004hbqUAA,false,AZN,USD,00D6C0000000cYAUAY,2016-12-26 16:44:32,0056C000000O3jNQAS,2016-12-26 16:44:32,0056C000000O3jNQAS,2016-12-26 16:44:32,,,"1084, 1072, 1085",Azerbaijanian Manat,{0}{1},dot,2.0,DefaultStore,comma,false,
a8N6C0000004hbrUAA,false,BAM,USD,00D6C0000000cYAUAY,2016-12-26 16:44:32,0056C000000O3jNQAS,2016-12-26 16:44:32,0056C000000O3jNQAS,2016-12-26 16:44:32,,,"75, 77",Convertible Marks,{0}{1},dot,2.0,DefaultStore,comma,false,
a8N6C0000004hbsUAA,false,BBD,USD,00D6C0000000cYAUAY,2016-12-26 16:44:32,0056C000000O3jNQAS,2016-12-26 16:44:32,0056C000000O3jNQAS,2016-12-26 16:44:32,,,36,Barbados Dollar,{0}{1},dot,2.0,DefaultStore,comma,false,
a8N6C0000004hbtUAA,false,BDT,USD,00D6C0000000cYAUAY,2016-12-26 16:44:32,0056C000000O3jNQAS,2016-12-26 16:44:32,0056C000000O3jNQAS,2016-12-26 16:44:32,,,36,Bangladesh Taka,{0}{1},dot,2.0,DefaultStore,comma,false,
a8N6C0000004hbuUAA,false,BEF,USD,00D6C0000000cYAUAY,2016-12-26 16:44:32,0056C000000O3jNQAS,2016-12-26 16:44:32,0056C000000O3jNQAS,2016-12-26 16:44:32,,,8364,Belgian Francs,{0}{1},comma,2.0,DefaultStore,dot,false,
a8N6C0000004hbvUAA,false,XAF,USD,00D6C0000000cYAUAY,2016-12-26 16:44:32,0056C000000O3jNQAS,2016-12-26 16:44:32,0056C000000O3jNQAS,2016-12-26 16:44:32,,,8363,CFA Franc (BEAC),{0}{1},,0.0,DefaultStore,comma,false,
a8N6C0000004hbwUAA,false,XCD,USD,00D6C0000000cYAUAY,2016-12-26 16:44:32,0056C000000O3jNQAS,2016-12-26 16:44:32,0056C000000O3jNQAS,2016-12-26 16:44:32,,,36,East Caribbean Dollar,{0}{1},dot,2.0,DefaultStore,comma,false,
a8N6C0000004hcGUAQ,false,CAD,USD,00D6C0000000cYAUAY,2016-12-26 16:44:32,0056C000000O3jNQAS,2016-12-26 16:44:32,0056C000000O3jNQAS,2016-12-26 16:44:32,,,36,Canadian Dollars,{0}{1},dot,2.0,DefaultStore,comma,false,
a8N6C0000004hcHUAQ,false,CDF,USD,00D6C0000000cYAUAY,2016-12-26 16:44:32,0056C000000O3jNQAS,2016-12-26 16:44:32,0056C000000O3jNQAS,2016-12-26 16:44:32,,,36,Franc Congolais,{0}{1},dot,2.0,DefaultStore,comma,false,
a8N6C0000004hcIUAQ,false,CHF,USD,00D6C0000000cYAUAY,2016-12-26 16:44:32,0056C000000O3jNQAS,2016-12-26 16:44:32,0056C000000O3jNQAS,2016-12-26 16:44:32,,,"67, 72, 70",Swiss Franc,{0}{1},dot,2.0,DefaultStore,sq,false,
a8N6C0000004hcJUAQ,false,CLF,USD,00D6C0000000cYAUAY,2016-12-26 16:44:32,0056C000000O3jNQAS,2016-12-26 16:44:32,0056C000000O3jNQAS,2016-12-26 16:44:32,,,"67, 72, 70",Unidades de fomento,{0}{1},dot,2.0,DefaultStore,comma,false,
a8N6C0000004hcKUAQ,false,CLP,USD,00D6C0000000cYAUAY,2016-12-26 16:44:32,0056C000000O3jNQAS,2016-12-26 16:44:32,0056C000000O3jNQAS,2016-12-26 16:44:32,,,36,Chilean Peso,{0}{1},,0.0,DefaultStore,dot,false,
a8N6C0000004hcLUAQ,false,CN,USD,00D6C0000000cYAUAY,2016-12-26 16:44:32,0056C000000O3jNQAS,2016-12-26 16:44:32,0056C000000O3jNQAS,2016-12-26 16:44:32,,,36,Chinese Renminbi,{0}{1},,0.0,DefaultStore,dot,false,
a8N6C0000004hcMUAQ,false,CNY,USD,00D6C0000000cYAUAY,2016-12-26 16:44:32,0056C000000O3jNQAS,2016-12-26 16:44:32,0056C000000O3jNQAS,2016-12-26 16:44:32,,,165,Chinese Yuan,{0}{1},dot,2.0,DefaultStore,comma,false,
a8N6C0000004hcNUAQ,false,COP,USD,00D6C0000000cYAUAY,2016-12-26 16:44:32,0056C000000O3jNQAS,2016-12-26 16:44:32,0056C000000O3jNQAS,2016-12-26 16:44:32,,,36,Colombian Peso,{0}{1},comma,2.0,DefaultStore,dot,false,
a8N6C0000004hcOUAQ,false,CRC,USD,00D6C0000000cYAUAY,2016-12-26 16:44:32,0056C000000O3jNQAS,2016-12-26 16:44:32,0056C000000O3jNQAS,2016-12-26 16:44:32,,,8353,Costa Rica Colon,{0}{1},comma,2.0,DefaultStore,dot,false,
a8N6C0000004hcPUAQ,false,CUP,USD,00D6C0000000cYAUAY,2016-12-26 16:44:32,0056C000000O3jNQAS,2016-12-26 16:44:32,0056C000000O3jNQAS,2016-12-26 16:44:32,,,8369,Cuban Peso,{0}{1},dot,2.0,DefaultStore,comma,false,
a8N6C0000004hcfUAA,false,FRF,USD,00D6C0000000cYAUAY,2016-12-26 16:44:32,0056C000000O3jNQAS,2016-12-26 16:44:32,0056C000000O3jNQAS,2016-12-26 16:44:32,,,8364,French franc,{1}{0},comma,2.0,DefaultStore,ws,false,
a8N6C0000004hcgUAA,false,GBP,USD,00D6C0000000cYAUAY,2016-12-26 16:44:32,0056C000000O3jNQAS,2016-12-26 16:44:32,0056C000000O3jNQAS,2016-12-26 16:44:32,,,163,British Pound,{0}{1},dot,2.0,DefaultStore,comma,false,
a8N6C0000004hchUAA,false,GEL,USD,00D6C0000000cYAUAY,2016-12-26 16:44:32,0056C000000O3jNQAS,2016-12-26 16:44:32,0056C000000O3jNQAS,2016-12-26 16:44:32,,,163,Georgia Lari,{0}{1},comma,2.0,DefaultStore,ws,false,
a8N6C0000004hciUAA,false,GHS,USD,00D6C0000000cYAUAY,2016-12-26 16:44:32,0056C000000O3jNQAS,2016-12-26 16:44:32,0056C000000O3jNQAS,2016-12-26 16:44:32,,,162,Ghanian Cedi,{0}{1},comma,2.0,DefaultStore,ws,false,
a8N6C0000004hcjUAA,false,GIP,USD,00D6C0000000cYAUAY,2016-12-26 16:44:32,0056C000000O3jNQAS,2016-12-26 16:44:32,0056C000000O3jNQAS,2016-12-26 16:44:32,,,163,Gibraltar Pound,{0}{1},dot,2.0,DefaultStore,comma,false,
a8N6C0000004hckUAA,false,GMD,USD,00D6C0000000cYAUAY,2016-12-26 16:44:32,0056C000000O3jNQAS,2016-12-26 16:44:32,0056C000000O3jNQAS,2016-12-26 16:44:32,,,163,Gambian Dalasi,{0}{1},comma,2.0,DefaultStore,ws,false,
a8N6C0000004hclUAA,false,GNF,USD,00D6C0000000cYAUAY,2016-12-26 16:44:32,0056C000000O3jNQAS,2016-12-26 16:44:32,0056C000000O3jNQAS,2016-12-26 16:44:32,,,163,Guinea Franc,{0}{1},comma,2.0,DefaultStore,ws,false,
a8N6C0000004hcmUAA,false,GRD,USD,00D6C0000000cYAUAY,2016-12-26 16:44:32,0056C000000O3jNQAS,2016-12-26 16:44:32,0056C000000O3jNQAS,2016-12-26 16:44:32,,,8364,Greek Drachma,{0}{1},comma,2.0,DefaultStore,dot,false,
a8N6C0000004hcnUAA,false,GTQ,USD,00D6C0000000cYAUAY,2016-12-26 16:44:32,0056C000000O3jNQAS,2016-12-26 16:44:32,0056C000000O3jNQAS,2016-12-26 16:44:32,,,81,Guatemala Quetzal,{0}{1},dot,2.0,DefaultStore,comma,false,
a8N6C0000004hcoUAA,false,GYD,USD,00D6C0000000cYAUAY,2016-12-26 16:44:32,0056C000000O3jNQAS,2016-12-26 16:44:32,0056C000000O3jNQAS,2016-12-26 16:44:32,,,36,Guyana Dollar,{0}{1},comma,2.0,DefaultStore,ws,false,
a8N6C0000004hczUAA,false,IRR,USD,00D6C0000000cYAUAY,2016-12-26 16:44:32,0056C000000O3jNQAS,2016-12-26 16:44:32,0056C000000O3jNQAS,2016-12-26 16:44:32,,,65020,Iranian Rial,{0}{1},dot,2.0,DefaultStore,comma,false,
a8N6C0000004hd0UAA,false,ISK,USD,00D6C0000000cYAUAY,2016-12-26 16:44:32,0056C000000O3jNQAS,2016-12-26 16:44:32,0056C000000O3jNQAS,2016-12-26 16:44:32,,,"107, 114",Iceland Krona,{0}{1},,0.0,DefaultStore,dot,false,
a8N6C0000004hd1UAA,false,ITL,USD,00D6C0000000cYAUAY,2016-12-26 16:44:32,0056C000000O3jNQAS,2016-12-26 16:44:32,0056C000000O3jNQAS,2016-12-26 16:44:32,,,8364,Italian Lira,{0}{1},comma,2.0,DefaultStore,dot,false,
a8N6C0000004hd2UAA,false,JMD,USD,00D6C0000000cYAUAY,2016-12-26 16:44:32,0056C000000O3jNQAS,2016-12-26 16:44:32,0056C000000O3jNQAS,2016-12-26 16:44:32,,,"74, 36",Jamaican Dollar,{0}{1},dot,2.0,DefaultStore,comma,false,
a8N6C0000004hd3UAA,false,JOD,USD,00D6C0000000cYAUAY,2016-12-26 16:44:32,0056C000000O3jNQAS,2016-12-26 16:44:32,0056C000000O3jNQAS,2016-12-26 16:44:32,,,"74, 36",Jordanian Dinar,{0}{1},dot,3.0,DefaultStore,comma,false,
a8N6C0000004hd4UAA,false,JPY,USD,00D6C0000000cYAUAY,2016-12-26 16:44:32,0056C000000O3jNQAS,2016-12-26 16:44:32,0056C000000O3jNQAS,2016-12-26 16:44:32,,,165,Japanese Yen,{0}{1},,0.0,DefaultStore,comma,false,
a8N6C0000004hd5UAA,false,KES,USD,00D6C0000000cYAUAY,2016-12-26 16:44:32,0056C000000O3jNQAS,2016-12-26 16:44:32,0056C000000O3jNQAS,2016-12-26 16:44:32,,,165,Kenyan Shilling,{0}{1},dot,2.0,DefaultStore,comma,false,
a8N6C0000004hd6UAA,false,KGS,USD,00D6C0000000cYAUAY,2016-12-26 16:44:32,0056C000000O3jNQAS,2016-12-26 16:44:32,0056C000000O3jNQAS,2016-12-26 16:44:32,,,"1083, 1074",Kyrgyzstan Som,{0}{1},dot,2.0,DefaultStore,comma,false,
a8N6C0000004hd7UAA,false,KHR,USD,00D6C0000000cYAUAY,2016-12-26 16:44:32,0056C000000O3jNQAS,2016-12-26 16:44:32,0056C000000O3jNQAS,2016-12-26 16:44:32,,,6107,Cambodia Riel,{0}{1},comma,2.0,DefaultStore,ws,false,
a8N6C0000004hd8UAA,false,KMF,USD,00D6C0000000cYAUAY,2016-12-26 16:44:32,0056C000000O3jNQAS,2016-12-26 16:44:32,0056C000000O3jNQAS,2016-12-26 16:44:32,,,6107,Comoros Franc,{0}{1},,0.0,DefaultStore,comma,false,
a8N6C0000004hbxUAA,false,XOF,USD,00D6C0000000cYAUAY,2016-12-26 16:44:32,0056C000000O3jNQAS,2016-12-26 16:44:32,0056C000000O3jNQAS,2016-12-26 16:44:32,,,36,CFA Franc (BCEAO),{0}{1},dot,2.0,DefaultStore,comma,false,
a8N6C0000004hbyUAA,false,XPF,USD,00D6C0000000cYAUAY,2016-12-26 16:44:32,0056C000000O3jNQAS,2016-12-26 16:44:32,0056C000000O3jNQAS,2016-12-26 16:44:32,,,36,Pacific Franc,{0}{1},,0.0,DefaultStore,comma,false,
a8N6C0000004hbzUAA,false,YER,USD,00D6C0000000cYAUAY,2016-12-26 16:44:32,0056C000000O3jNQAS,2016-12-26 16:44:32,0056C000000O3jNQAS,2016-12-26 16:44:32,,,65020,Yemen Riyal,{0}{1},comma,2.0,DefaultStore,ws,false,
a8N6C0000004hc0UAA,false,ZAR,USD,00D6C0000000cYAUAY,2016-12-26 16:44:32,0056C000000O3jNQAS,2016-12-26 16:44:32,0056C000000O3jNQAS,2016-12-26 16:44:32,,,82,South African Rand,{0}{1},comma,2.0,DefaultStore,dot,false,
a8N6C0000004hc1UAA,false,ZMK,USD,00D6C0000000cYAUAY,2016-12-26 16:44:32,0056C000000O3jNQAS,2016-12-26 16:44:32,0056C000000O3jNQAS,2016-12-26 16:44:32,,,82,Zambian Kwacha,{0}{1},comma,2.0,DefaultStore,ws,false,
a8N6C0000004hc2UAA,false,ZWD,USD,00D6C0000000cYAUAY,2016-12-26 16:44:32,0056C000000O3jNQAS,2016-12-26 16:44:32,0056C000000O3jNQAS,2016-12-26 16:44:32,,,"90, 36",Zimbabwe Dollar,{0}{1},comma,2.0,DefaultStore,dot,false,
a8N6C0000004hc3UAA,false,BGN,USD,00D6C0000000cYAUAY,2016-12-26 16:44:32,0056C000000O3jNQAS,2016-12-26 16:44:32,0056C000000O3jNQAS,2016-12-26 16:44:32,,,"1083, 1074",Bulgaria Lev,{0}{1},dot,2.0,DefaultStore,comma,false,
a8N6C0000004hc4UAA,false,BHD,USD,00D6C0000000cYAUAY,2016-12-26 16:44:32,0056C000000O3jNQAS,2016-12-26 16:44:32,0056C000000O3jNQAS,2016-12-26 16:44:32,,,"1083, 1074",Bahraini Dinar,{0}{1},dot,3.0,DefaultStore,comma,false,
a8N6C0000004hc5UAA,false,BIF,USD,00D6C0000000cYAUAY,2016-12-26 16:44:32,0056C000000O3jNQAS,2016-12-26 16:44:32,0056C000000O3jNQAS,2016-12-26 16:44:32,,,"1083, 1074",Burundi Franc,{0}{1},,0.0,DefaultStore,comma,false,
a8N6C0000004hc6UAA,false,BMD,USD,00D6C0000000cYAUAY,2016-12-26 16:44:32,0056C000000O3jNQAS,2016-12-26 16:44:32,0056C000000O3jNQAS,2016-12-26 16:44:32,,,36,Bermuda Dollar,{0}{1},dot,2.0,DefaultStore,comma,false,
a8N6C0000004hcQUAQ,false,CVE,USD,00D6C0000000cYAUAY,2016-12-26 16:44:32,0056C000000O3jNQAS,2016-12-26 16:44:32,0056C000000O3jNQAS,2016-12-26 16:44:32,,,8369,Cape Verde Escudo,{0}{1},,0.0,DefaultStore,comma,false,
a8N6C0000004hcRUAQ,false,CZK,USD,00D6C0000000cYAUAY,2016-12-26 16:44:32,0056C000000O3jNQAS,2016-12-26 16:44:32,0056C000000O3jNQAS,2016-12-26 16:44:32,,,"75, 269",Czech Koruna,{0}{1},comma,2.0,DefaultStore,dot,false,
a8N6C0000004hcSUAQ,false,DEM,USD,00D6C0000000cYAUAY,2016-12-26 16:44:32,0056C000000O3jNQAS,2016-12-26 16:44:32,0056C000000O3jNQAS,2016-12-26 16:44:32,,,8364,Deutsche Mark,{1}{0},comma,2.0,DefaultStore,dot,false,
a8N6C0000004hcTUAQ,false,DJF,USD,00D6C0000000cYAUAY,2016-12-26 16:44:32,0056C000000O3jNQAS,2016-12-26 16:44:32,0056C000000O3jNQAS,2016-12-26 16:44:32,,,"75, 269",Dijibouti Franc,{0}{1},,0.0,DefaultStore,comma,false,
a8N6C0000004hcUUAQ,false,DKK,USD,00D6C0000000cYAUAY,2016-12-26 16:44:32,0056C000000O3jNQAS,2016-12-26 16:44:32,0056C000000O3jNQAS,2016-12-26 16:44:32,,,"107, 114",Danish Krone,{0}{1},comma,2.0,DefaultStore,dot,false,
a8N6C0000004hcVUAQ,false,DOP,USD,00D6C0000000cYAUAY,2016-12-26 16:44:32,0056C000000O3jNQAS,2016-12-26 16:44:32,0056C000000O3jNQAS,2016-12-26 16:44:32,,,"82, 68, 36",Dominican Peso,{0}{1},dot,2.0,DefaultStore,comma,false,
a8N6C0000004hcWUAQ,false,EEK,USD,00D6C0000000cYAUAY,2016-12-26 16:44:32,0056C000000O3jNQAS,2016-12-26 16:44:32,0056C000000O3jNQAS,2016-12-26 16:44:32,,,"107, 114",Estonian Kroon,{0}{1},dot,2.0,DefaultStore,comma,false,
a8N6C0000004hcXUAQ,false,EGP,USD,00D6C0000000cYAUAY,2016-12-26 16:44:32,0056C000000O3jNQAS,2016-12-26 16:44:32,0056C000000O3jNQAS,2016-12-26 16:44:32,,,163,Egyptian Pound,{0}{1},dot,2.0,DefaultStore,comma,false,
a8N6C0000004hcYUAQ,false,ERN,USD,00D6C0000000cYAUAY,2016-12-26 16:44:32,0056C000000O3jNQAS,2016-12-26 16:44:32,0056C000000O3jNQAS,2016-12-26 16:44:32,,,163,Eritrea Nakfa,{0}{1},comma,2.0,DefaultStore,ws,false,
a8N6C0000004hcZUAQ,false,ESP,USD,00D6C0000000cYAUAY,2016-12-26 16:44:32,0056C000000O3jNQAS,2016-12-26 16:44:32,0056C000000O3jNQAS,2016-12-26 16:44:32,,,8364,Spanish Peseta,{1}{0},comma,2.0,DefaultStore,dot,false,
a8N6C0000004hcpUAA,false,HKD,USD,00D6C0000000cYAUAY,2016-12-26 16:44:32,0056C000000O3jNQAS,2016-12-26 16:44:32,0056C000000O3jNQAS,2016-12-26 16:44:32,,,36,Hong Kong Dollar,{0}{1},dot,2.0,DefaultStore,comma,false,
a8N6C0000004hcqUAA,false,HNL,USD,00D6C0000000cYAUAY,2016-12-26 16:44:32,0056C000000O3jNQAS,2016-12-26 16:44:32,0056C000000O3jNQAS,2016-12-26 16:44:32,,,76,Honduras Lempira,{0}{1},dot,2.0,DefaultStore,comma,false,
a8N6C0000004hcrUAA,false,HRK,USD,00D6C0000000cYAUAY,2016-12-26 16:44:32,0056C000000O3jNQAS,2016-12-26 16:44:32,0056C000000O3jNQAS,2016-12-26 16:44:32,,,"107, 110",Croatian Kuna,{0}{1},comma,2.0,DefaultStore,dot,false,
a8N6C0000004hcsUAA,false,HTG,USD,00D6C0000000cYAUAY,2016-12-26 16:44:32,0056C000000O3jNQAS,2016-12-26 16:44:32,0056C000000O3jNQAS,2016-12-26 16:44:32,,,"107, 110",Haiti Gourde,{0}{1},comma,2.0,DefaultStore,ws,false,
a8N6C0000004hctUAA,false,HUF,USD,00D6C0000000cYAUAY,2016-12-26 16:44:32,0056C000000O3jNQAS,2016-12-26 16:44:32,0056C000000O3jNQAS,2016-12-26 16:44:32,,,"70, 116",Hungarian Forint,{0}{1},,0.0,DefaultStore,dot,false,
a8N6C0000004hcuUAA,false,IDR,USD,00D6C0000000cYAUAY,2016-12-26 16:44:32,0056C000000O3jNQAS,2016-12-26 16:44:32,0056C000000O3jNQAS,2016-12-26 16:44:32,,,"82, 112",Indonesian Rupiah,{0}{1},comma,2.0,DefaultStore,dot,false,
a8N6C0000004hcvUAA,false,IEP,USD,00D6C0000000cYAUAY,2016-12-26 16:44:32,0056C000000O3jNQAS,2016-12-26 16:44:32,0056C000000O3jNQAS,2016-12-26 16:44:32,,,8364,Irish Pound,{0}{1},dot,2.0,DefaultStore,comma,false,
a8N6C0000004hcwUAA,false,ILS,USD,00D6C0000000cYAUAY,2016-12-26 16:44:32,0056C000000O3jNQAS,2016-12-26 16:44:32,0056C000000O3jNQAS,2016-12-26 16:44:32,,,8362,Israeli Shekel,{0}{1},dot,2.0,DefaultStore,comma,false,
a8N6C0000004hcxUAA,false,INR,USD,00D6C0000000cYAUAY,2016-12-26 16:44:32,0056C000000O3jNQAS,2016-12-26 16:44:32,0056C000000O3jNQAS,2016-12-26 16:44:32,,,36,Indian Rupee,{0}{1},dot,2.0,DefaultStore,comma,false,
a8N6C0000004hcyUAA,false,IQD,USD,00D6C0000000cYAUAY,2016-12-26 16:44:32,0056C000000O3jNQAS,2016-12-26 16:44:32,0056C000000O3jNQAS,2016-12-26 16:44:32,,,36,Iraqi Dinar,{0}{1},dot,3.0,DefaultStore,comma,false,
a8N6C0000004hd9UAA,false,KPW,USD,00D6C0000000cYAUAY,2016-12-26 16:44:32,0056C000000O3jNQAS,2016-12-26 16:44:32,0056C000000O3jNQAS,2016-12-26 16:44:32,,,8361,North Korean Won,{0}{1},dot,2.0,DefaultStore,comma,false,
a8N6C0000004hdAUAQ,false,KRW,USD,00D6C0000000cYAUAY,2016-12-26 16:44:32,0056C000000O3jNQAS,2016-12-26 16:44:32,0056C000000O3jNQAS,2016-12-26 16:44:32,,,8361,Korean Won,{0}{1},,0.0,DefaultStore,comma,false,
a8N6C0000004hdBUAQ,false,KWD,USD,00D6C0000000cYAUAY,2016-12-26 16:44:32,0056C000000O3jNQAS,2016-12-26 16:44:32,0056C000000O3jNQAS,2016-12-26 16:44:32,,,8361,Kuwaiti Dinar,{0}{1},dot,3.0,DefaultStore,comma,false,
a8N6C0000004hdCUAQ,false,KYD,USD,00D6C0000000cYAUAY,2016-12-26 16:44:32,0056C000000O3jNQAS,2016-12-26 16:44:32,0056C000000O3jNQAS,2016-12-26 16:44:32,,,36,Cayman Islands Dollar,{0}{1},dot,2.0,DefaultStore,comma,false,
a8N6C0000004hdDUAQ,false,KZT,USD,00D6C0000000cYAUAY,2016-12-26 16:44:32,0056C000000O3jNQAS,2016-12-26 16:44:32,0056C000000O3jNQAS,2016-12-26 16:44:32,,,"1083, 1074",Kazakhstan Tenge,{0}{1},dot,2.0,DefaultStore,comma,false,
a8N6C0000004hdEUAQ,false,LAK,USD,00D6C0000000cYAUAY,2016-12-26 16:44:32,0056C000000O3jNQAS,2016-12-26 16:44:32,0056C000000O3jNQAS,2016-12-26 16:44:32,,,8365,Lao Kip,{0}{1},dot,2.0,DefaultStore,comma,false,
a8N6C0000004hdFUAQ,false,LBP,USD,00D6C0000000cYAUAY,2016-12-26 16:44:32,0056C000000O3jNQAS,2016-12-26 16:44:32,0056C000000O3jNQAS,2016-12-26 16:44:32,,,163,Lebanese Pound,{0}{1},,0.0,DefaultStore,ws,false,
a8N6C0000004hdGUAQ,false,LKR,USD,00D6C0000000cYAUAY,2016-12-26 16:44:32,0056C000000O3jNQAS,2016-12-26 16:44:32,0056C000000O3jNQAS,2016-12-26 16:44:32,,,8360,Sri Lanka Rupee,{0}{1},comma,2.0,DefaultStore,ws,false,
a8N6C0000004hdHUAQ,false,LRD,USD,00D6C0000000cYAUAY,2016-12-26 16:44:32,0056C000000O3jNQAS,2016-12-26 16:44:32,0056C000000O3jNQAS,2016-12-26 16:44:32,,,36,Liberian Dollar,{0}{1},dot,2.0,DefaultStore,comma,false,
a8N6C0000004hdIUAQ,false,LSL,USD,00D6C0000000cYAUAY,2016-12-26 16:44:32,0056C000000O3jNQAS,2016-12-26 16:44:32,0056C000000O3jNQAS,2016-12-26 16:44:32,,,36,Lesotho Loti,{0}{1},dot,2.0,DefaultStore,comma,false,
a8N6C0000004hdJUAQ,false,LTL,USD,00D6C0000000cYAUAY,2016-12-26 16:44:32,0056C000000O3jNQAS,2016-12-26 16:44:32,0056C000000O3jNQAS,2016-12-26 16:44:32,,,"76, 116",Lithuanian Lita,{0}{1},comma,2.0,DefaultStore,ws,false,
a8N6C0000004hdKUAQ,false,LUF,USD,00D6C0000000cYAUAY,2016-12-26 16:44:32,0056C000000O3jNQAS,2016-12-26 16:44:32,0056C000000O3jNQAS,2016-12-26 16:44:32,,,8364,Luxembourg Franc,{0}{1},comma,2.0,DefaultStore,dot,false,
a8N6C0000004hdLUAQ,false,LVL,USD,00D6C0000000cYAUAY,2016-12-26 16:44:32,0056C000000O3jNQAS,2016-12-26 16:44:32,0056C000000O3jNQAS,2016-12-26 16:44:32,,,"76, 115",Latvian Lat,{0}{1},dot,2.0,DefaultStore,comma,false,
a8N6C0000004hdMUAQ,false,LYD,USD,00D6C0000000cYAUAY,2016-12-26 16:44:32,0056C000000O3jNQAS,2016-12-26 16:44:32,0056C000000O3jNQAS,2016-12-26 16:44:32,,,"76, 115",Libyan Dinar,{0}{1},dot,3.0,DefaultStore,comma,false,
a8N6C0000004hdNUAQ,false,MAD,USD,00D6C0000000cYAUAY,2016-12-26 16:44:32,0056C000000O3jNQAS,2016-12-26 16:44:32,0056C000000O3jNQAS,2016-12-26 16:44:32,,,"76, 115",Moroccan Dirham,{0}{1},dot,2.0,DefaultStore,comma,false,
a8N6C0000004hdOUAQ,false,MDL,USD,00D6C0000000cYAUAY,2016-12-26 16:44:32,0056C000000O3jNQAS,2016-12-26 16:44:32,0056C000000O3jNQAS,2016-12-26 16:44:32,,,"76, 115",Moldovan Leu,{0}{1},dot,2.0,DefaultStore,comma,false,
a8N6C0000004hdPUAQ,false,MGA,USD,00D6C0000000cYAUAY,2016-12-26 16:44:32,0056C000000O3jNQAS,2016-12-26 16:44:32,0056C000000O3jNQAS,2016-12-26 16:44:32,,,"76, 115",Malagasy Ariary,{0}{1},,0.0,DefaultStore,comma,false,
a8N6C0000004hdQUAQ,false,MKD,USD,00D6C0000000cYAUAY,2016-12-26 16:44:32,0056C000000O3jNQAS,2016-12-26 16:44:32,0056C000000O3jNQAS,2016-12-26 16:44:32,,,"1076, 1077, 1085",Macedonian Denar,{0}{1},dot,2.0,DefaultStore,comma,false,
a8N6C0000004hdRUAQ,false,MMK,USD,00D6C0000000cYAUAY,2016-12-26 16:44:32,0056C000000O3jNQAS,2016-12-26 16:44:32,0056C000000O3jNQAS,2016-12-26 16:44:32,,,"1076, 1077, 1085",Myanmar Kyat,{0}{1},dot,2.0,DefaultStore,comma,false,
a8N6C0000004hdSUAQ,false,MNT,USD,00D6C0000000cYAUAY,2016-12-26 16:44:32,0056C000000O3jNQAS,2016-12-26 16:44:32,0056C000000O3jNQAS,2016-12-26 16:44:32,,,8366,Mongolian Tugrik,{0}{1},dot,2.0,DefaultStore,comma,false,
